01 - 25 M Kaki Dada + Papan KU A. B. C. D Putra,01,1,ALDEN GAVRIEL KWOK,HAPPY SWIMMING CLUB
01 - 25 M Kaki Dada + Papan KU A. B. C. D Putra,01,2,DIMITRI LAZUARDI AGHNA MUCHTAR,TIRTA ADIPURA SWIMMING SCHOOL
01 - 25 M Kaki Dada + Papan KU A. B. C. D Putra,01,3,KENZIE ALDEN GONDOSUPADMO,HAPPY SWIMMING CLUB
01 - 25 M Kaki Dada + Papan KU A. B. C. D Putra,01,4,FATHAN MANAF,N112 SWIMMING CLUB
01 - 25 M Kaki Dada + Papan KU A. B. C. D Putra,01,5,BIANTARA DJAKADISA PRASETYA,N112 SWIMMING CLUB
01 - 25 M Kaki Dada + Papan KU A. B. C. D Putra,02,1,NATHAN GOMGOM SIMBOLON,WATER SPEED AC
01 - 25 M Kaki Dada + Papan KU A. B. C. D Putra,02,2,NOAHAQQI MESHACH PRASETYO,TETRA SWIMMING COURSE
01 - 25 M Kaki Dada + Papan KU A. B. C. D Putra,02,3,RAJENDRA  ATTHAR L,ANTARKTIKA
01 - 25 M Kaki Dada + Papan KU A. B. C. D Putra,02,4,RAFFAZA ARZAN ALREDO,HAPPY SWIMMING CLUB
01 - 25 M Kaki Dada + Papan KU A. B. C. D Putra,02,5,NOAH RIZKY BUDIMAN,N112 SWIMMING CLUB
01 - 25 M Kaki Dada + Papan KU A. B. C. D Putra,02,6,MUHAMMAD DZAKIANDRA MAHAWIRA PRABOWO,TK AL AZHAR 30 BANDUNG/KIDUCK SWIMMING CLUB
01 - 25 M Kaki Dada + Papan KU A. B. C. D Putra,03,1,RUBY ALFAREZQY AHMAD,HAPPY SWIMMING CLUB
01 - 25 M Kaki Dada + Papan KU A. B. C. D Putra,03,2,AIDAN ZABRAN AL-MA’ARIJ,TIRTA ADIPURA SWIMMING SCHOOL
01 - 25 M Kaki Dada + Papan KU A. B. C. D Putra,03,3,ARSYAH RASYID ZAIN,HAPPY SWIMMING CLUB
01 - 25 M Kaki Dada + Papan KU A. B. C. D Putra,03,4,ALKA ARRASYA,TIRTA ADIPURA SWIMMING SCHOOL
01 - 25 M Kaki Dada + Papan KU A. B. C. D Putra,03,5,SAHAT MARULI HABEAHAN,PUTRA INTAN SWIMMING
01 - 25 M Kaki Dada + Papan KU A. B. C. D Putra,03,6,REZQIANO ALVIERO RASYAFA PRATAMA,TK SANDHY PUTRA
01 - 25 M Kaki Dada + Papan KU A. B. C. D Putra,04,1,HANIF ARKAN FATHURRAHMAN,SAMPOERNA SWIMMING CLUB
01 - 25 M Kaki Dada + Papan KU A. B. C. D Putra,04,2,MUHAMMAD MAHESA DAYA,HAPPY SWIMMING CLUB
01 - 25 M Kaki Dada + Papan KU A. B. C. D Putra,04,3,ZAYN SYAQUIL,DA SWIMMING CLUB
01 - 25 M Kaki Dada + Papan KU A. B. C. D Putra,04,4,ZABRAN AFNAN ADHITAMA,TKI SWIMMING COURSE
01 - 25 M Kaki Dada + Papan KU A. B. C. D Putra,04,5,MUHAMMAD KHABIB ATHARRAYHAN UBADAH IRAWAN,N112 SWIMMING CLUB
01 - 25 M Kaki Dada + Papan KU A. B. C. D Putra,04,6,EMIR FATHI AR RASHID,HAPPY SWIMMING CLUB
01 - 25 M Kaki Dada + Papan KU A. B. C. D Putra,05,1,FATIH ARKAN ALFARIZI,TIRTA ADIPURA SWIMMING SCHOOL
01 - 25 M Kaki Dada + Papan KU A. B. C. D Putra,05,2,MUHAMMAD FATHAN SYARIF DANIYAL,HAPPY SWIMMING CLUB
01 - 25 M Kaki Dada + Papan KU A. B. C. D Putra,05,3,ZAIN HAMIZAN,HAPPY SWIMMING CLUB
01 - 25 M Kaki Dada + Papan KU A. B. C. D Putra,05,4,RAFI FAEYZA S,SN BURUYNGOJAY
01 - 25 M Kaki Dada + Papan KU A. B. C. D Putra,05,5,MAVERICK VICCO RUSTANDI,DOLPHIN CHERRY FIELD
01 - 25 M Kaki Dada + Papan KU A. B. C. D Putra,05,6,FASHA ALFAT SUPRIATNA,REX SPORT CLUB
01 - 25 M Kaki Dada + Papan KU A. B. C. D Putra,06,1,ALFATIH,DA SWIMMING CLUB
01 - 25 M Kaki Dada + Papan KU A. B. C. D Putra,06,2,IRSYAD FIRDAUS,DA SWIMMING CLUB
01 - 25 M Kaki Dada + Papan KU A. B. C. D Putra,06,3,RASENDRIA YOICHI SUHARTONO,HAPPY SWIMMING CLUB
01 - 25 M Kaki Dada + Papan KU A. B. C. D Putra,06,4,MUHAMMAD AKMAL ARSHAQ,BLUE OCEAN AQUATIC CLUB
01 - 25 M Kaki Dada + Papan KU A. B. C. D Putra,06,5,HAMZAH KHALIF AFFANDI,HAPPY SWIMMING CLUB
01 - 25 M Kaki Dada + Papan KU A. B. C. D Putra,06,6,AFZAR HADZIQ MUSYAFFA,SN BURUYNGOJAY
02 - 25 M Kaki Dada + Papan KU A. B. C. D Putri,01,2,ARSHANAYA ZAINA AL-MAIDA,TIRTA ADIPURA SWIMMING SCHOOL
02 - 25 M Kaki Dada + Papan KU A. B. C. D Putri,01,3,ALULA ARGA ANINDITA,ZAG SWIMMING SCHOOL
02 - 25 M Kaki Dada + Papan KU A. B. C. D Putri,02,1,AYESSA DEANDRA ARKANANTA,EAGLES SWIMMING COURSE
02 - 25 M Kaki Dada + Papan KU A. B. C. D Putri,02,2,AZALE KANAYA GHANISA,TIRTA ADIPURA SWIMMING SCHOOL
02 - 25 M Kaki Dada + Papan KU A. B. C. D Putri,02,3,ELMEIRA HANEEN RUGHIANTO,SN BURUYNGOJAY
02 - 25 M Kaki Dada + Papan KU A. B. C. D Putri,02,4,ELEA LA RISSA ELLEANDRA,TKI SWIMMING COURSE
02 - 25 M Kaki Dada + Papan KU A. B. C. D Putri,02,5,AYRA MONERA DALARISA SENTOSA,ZAG SWIMMING SCHOOL
02 - 25 M Kaki Dada + Papan KU A. B. C. D Putri,02,6,ARUNI KAMILA SYAHIDA AR,FANTASTIC SWIMMING
02 - 25 M Kaki Dada + Papan KU A. B. C. D Putri,03,1,FINNA LOVANDRA SITORUS,TKI SWIMMING COURSE
02 - 25 M Kaki Dada + Papan KU A. B. C. D Putri,03,2,NUHA MUSLIMATUL KAAFFAH,ZAG SWIMMING SCHOOL
02 - 25 M Kaki Dada + Papan KU A. B. C. D Putri,03,3,SANSA SHANUM PURNAMA,TKI SWIMMING COURSE
02 - 25 M Kaki Dada + Papan KU A. B. C. D Putri,03,4,RALLINE MILLIENKA VIANDO,N112 SWIMMING CLUB
02 - 25 M Kaki Dada + Papan KU A. B. C. D Putri,03,5,LEANA VINDYA,SUPER SWIMMING SCHOOL
02 - 25 M Kaki Dada + Papan KU A. B. C. D Putri,03,6,FATHIYA SHAKA KIRANA,TIRTA ADIPURA SWIMMING SCHOOL
02 - 25 M Kaki Dada + Papan KU A. B. C. D Putri,04,1,JAXXINE MILIVAN LIEM,HAPPY SWIMMING CLUB
02 - 25 M Kaki Dada + Papan KU A. B. C. D Putri,04,2,SHAEHETTE ALESHA ATHAYA,TIRTA ADIPURA SWIMMING SCHOOL
02 - 25 M Kaki Dada + Papan KU A. B. C. D Putri,04,3,ABIGAEL ULLA AZQUEERA,SAMPOERNA SWIMMING CLUB
02 - 25 M Kaki Dada + Papan KU A. B. C. D Putri,04,4,SHEZAN AZKAYRA QALESYA,REX SPORT CLUB
02 - 25 M Kaki Dada + Papan KU A. B. C. D Putri,04,5,RANNAN MUTHMAINNAH PUTRI,BLUE OCEAN AQUATIC CLUB
02 - 25 M Kaki Dada + Papan KU A. B. C. D Putri,04,6,MORLI QIRANI,TRILOGY SWIMMING COURSE
02 - 25 M Kaki Dada + Papan KU A. B. C. D Putri,05,1,DAYYINAH ANANDYA LESTARI,TRILOGY SWIMMING COURSE
02 - 25 M Kaki Dada + Papan KU A. B. C. D Putri,05,2,PRADHIALA WIRZA,TRILOGY SWIMMING COURSE
02 - 25 M Kaki Dada + Papan KU A. B. C. D Putri,05,3,MEDINAAZZAHRA,HN SWIMMING COURSE
02 - 25 M Kaki Dada + Papan KU A. B. C. D Putri,05,4,ZHAFIRA RAISYANA SAUQI,TRILOGY SWIMMING COURSE
02 - 25 M Kaki Dada + Papan KU A. B. C. D Putri,05,5,DIVYA SYAKILLA AZZAHRA,TRILOGY SWIMMING COURSE
02 - 25 M Kaki Dada + Papan KU A. B. C. D Putri,05,6,ADHIALA WIRZA,TRILOGY SWIMMING COURSE
03 - 25 M Kaki Bebas + Papan KU A. B. C. D Putra,01,1,ABRAHAM MAHAWIRA PRIANTO,N112 SWIMMING CLUB
03 - 25 M Kaki Bebas + Papan KU A. B. C. D Putra,01,2,ALBARRA ALFARIZKI ZAIM,N112 SWIMMING CLUB
03 - 25 M Kaki Bebas + Papan KU A. B. C. D Putra,01,3,ARSENA BARQI ALSANDAIR,ZAG SWIMMING SCHOOL
03 - 25 M Kaki Bebas + Papan KU A. B. C. D Putra,01,4,ALEGIO SHAKEEL AKBAR,DIAMOND SWIMMING CLUB
03 - 25 M Kaki Bebas + Papan KU A. B. C. D Putra,01,5,AKMAL ALFARIZI SYAFANDARU,TKI SWIMMING COURSE
03 - 25 M Kaki Bebas + Papan KU A. B. C. D Putra,02,1,BASKARA AMRAN PANJAITAN,N112 SWIMMING CLUB
03 - 25 M Kaki Bebas + Papan KU A. B. C. D Putra,02,2,FAVIAN KHAZEEM ELRUMI,ZAG SWIMMING SCHOOL
03 - 25 M Kaki Bebas + Papan KU A. B. C. D Putra,02,3,HANSEL MANGGARA TAMBA,TKI SWIMMING COURSE
03 - 25 M Kaki Bebas + Papan KU A. B. C. D Putra,02,4,FELIX KENNETH DOMINIC,DOLPHIN CHERRY FIELD
03 - 25 M Kaki Bebas + Papan KU A. B. C. D Putra,02,5,DIMITRI LAZUARDI AGHNA MUCHTAR,TIRTA ADIPURA SWIMMING SCHOOL
03 - 25 M Kaki Bebas + Papan KU A. B. C. D Putra,02,6,AXXTON MILIVAN LIEM,HAPPY SWIMMING CLUB
03 - 25 M Kaki Bebas + Papan KU A. B. C. D Putra,03,1,JAMIE OLIVER,N112 SWIMMING CLUB
03 - 25 M Kaki Bebas + Papan KU A. B. C. D Putra,03,2,KALANDRA ARRAZKA NUGRAHA,ANTARKTIKA
03 - 25 M Kaki Bebas + Papan KU A. B. C. D Putra,03,3,KENZIE ALDEN GONDOSUPADMO,HAPPY SWIMMING CLUB
03 - 25 M Kaki Bebas + Papan KU A. B. C. D Putra,03,4,KEEFANDRA ZAVIER ALTEZZA MAHESSA,DOLPHIN CHERRY FIELD
03 - 25 M Kaki Bebas + Papan KU A. B. C. D Putra,03,5,KABEERA ARZANKA NUGRAHA,ANTARKTIKA
03 - 25 M Kaki Bebas + Papan KU A. B. C. D Putra,03,6,IBRAHIM KAHFI SHAITAMA,N112 SWIMMING CLUB
03 - 25 M Kaki Bebas + Papan KU A. B. C. D Putra,04,1,MAHAPRANA NAQQI ANSARI,N112 SWIMMING CLUB
03 - 25 M Kaki Bebas + Papan KU A. B. C. D Putra,04,2,MUHAMMAD ZAYD RAZIQ ASSHAUQI,TETRA SWIMMING COURSE
03 - 25 M Kaki Bebas + Papan KU A. B. C. D Putra,04,3,NATHAN GOMGOM SIMBOLON,WATER SPEED AC
03 - 25 M Kaki Bebas + Papan KU A. B. C. D Putra,04,4,NALENDRA ARKANA TSAQIF,N112 SWIMMING CLUB
03 - 25 M Kaki Bebas + Papan KU A. B. C. D Putra,04,5,MUHAMMAD NAUFAL ALFARIZQI APRIYADI,KOHANA SC
03 - 25 M Kaki Bebas + Papan KU A. B. C. D Putra,04,6,M ALIF ARSALAAN,ZAG SWIMMING SCHOOL
03 - 25 M Kaki Bebas + Papan KU A. B. C. D Putra,05,1,RASHAAD MILES ALDEN,ANTARKTIKA
03 - 25 M Kaki Bebas + Papan KU A. B. C. D Putra,05,2,SAMUEL NABONGGAL LASROHA SITUMORANG,TKI SWIMMING COURSE
03 - 25 M Kaki Bebas + Papan KU A. B. C. D Putra,05,3,ABHINAYA INDRA AL AYYUBI,N112 SWIMMING CLUB
03 - 25 M Kaki Bebas + Papan KU A. B. C. D Putra,05,4,YAFIQ RASYDAN ASSYAUQI,ZAG SWIMMING SCHOOL
03 - 25 M Kaki Bebas + Papan KU A. B. C. D Putra,05,5,REZQIANO ALVIERO RASYAFA PRATAMA,TK SANDHY PUTRA
03 - 25 M Kaki Bebas + Papan KU A. B. C. D Putra,05,6,RAFFAZA ARZAN ALREDO,HAPPY SWIMMING CLUB
03 - 25 M Kaki Bebas + Papan KU A. B. C. D Putra,06,1,AIDAN ZABRAN AL-MA’ARIJ,TIRTA ADIPURA SWIMMING SCHOOL
03 - 25 M Kaki Bebas + Papan KU A. B. C. D Putra,06,2,ALVAR MOCHAMAD RAZAN,BLUE OCEAN AQUATIC CLUB
03 - 25 M Kaki Bebas + Papan KU A. B. C. D Putra,06,3,BERYL ALVA ANTONIO OEY,N112 SWIMMING CLUB
03 - 25 M Kaki Bebas + Papan KU A. B. C. D Putra,06,4,ARVINO NAZRIL RAMDAN,ZAG SWIMMING SCHOOL
03 - 25 M Kaki Bebas + Papan KU A. B. C. D Putra,06,5,ALTRA ATTARAZKHA,DOLPHIN CHERRY FIELD
03 - 25 M Kaki Bebas + Papan KU A. B. C. D Putra,06,6,ADHYASTHA HAFIDS PERMANA,HAPPY SWIMMING CLUB
03 - 25 M Kaki Bebas + Papan KU A. B. C. D Putra,07,1,DWITYA RAYI MUHARRAM,N112 SWIMMING CLUB
03 - 25 M Kaki Bebas + Papan KU A. B. C. D Putra,07,2,HARIS MARTIRO LAHAGU,DOLPHIN CHERRY FIELD
03 - 25 M Kaki Bebas + Papan KU A. B. C. D Putra,07,3,MUHAMMAD DHISA ASYRAF AL AUDAH,RIKO SWIMMING CLUB
03 - 25 M Kaki Bebas + Papan KU A. B. C. D Putra,07,4,MUHAMMAD AQMAR AMRULLAH,TKI SWIMMING COURSE
03 - 25 M Kaki Bebas + Papan KU A. B. C. D Putra,07,5,FAWWAZ AMMAR ZAID,TRILOGY SWIMMING COURSE
03 - 25 M Kaki Bebas + Papan KU A. B. C. D Putra,07,6,DARREN DELWYN SUKMANA,TETRA SWIMMING COURSE
03 - 25 M Kaki Bebas + Papan KU A. B. C. D Putra,08,1,MUHAMMAD MUFASSIR QURAN,EAGLES SWIMMING COURSE
03 - 25 M Kaki Bebas + Papan KU A. B. C. D Putra,08,2,MUHAMMAD NABIL QAUSAR ALHARIS,DOLPHIN CHERRY FIELD
03 - 25 M Kaki Bebas + Papan KU A. B. C. D Putra,08,3,BASTIAN EKA,N112 SWIMMING CLUB
03 - 25 M Kaki Bebas + Papan KU A. B. C. D Putra,08,4,RADEN PANGESTU DIRAJA,ZAG SWIMMING SCHOOL
03 - 25 M Kaki Bebas + Papan KU A. B. C. D Putra,08,5,MUHAMMAD MUFID ALBARKA,SWIMPLAY
03 - 25 M Kaki Bebas + Papan KU A. B. C. D Putra,08,6,MUHAMMAD MAHESA DAYA,HAPPY SWIMMING CLUB
03 - 25 M Kaki Bebas + Papan KU A. B. C. D Putra,09,1,FATIH ARKAN ALFARIZI,TIRTA ADIPURA SWIMMING SCHOOL
03 - 25 M Kaki Bebas + Papan KU A. B. C. D Putra,09,2,IRTIZA KHALID SHAITAMA,N112 SWIMMING CLUB
03 - 25 M Kaki Bebas + Papan KU A. B. C. D Putra,09,3,LEVIN NATHANAEL SARAGIH,TKI SWIMMING COURSE
03 - 25 M Kaki Bebas + Papan KU A. B. C. D Putra,09,4,JOSEPH BRIANT MARTINUS SEMBIRING BRAHMANA,N112 SWIMMING CLUB
03 - 25 M Kaki Bebas + Papan KU A. B. C. D Putra,09,5,I.G.ADHYASTHA ZAYYID EL SHAARAWY,HN SWIMMING COURSE
03 - 25 M Kaki Bebas + Papan KU A. B. C. D Putra,09,6,DAVE KURNIAWAN,DOLPHIN CHERRY FIELD
03 - 25 M Kaki Bebas + Papan KU A. B. C. D Putra,10,1,MAVERICK VICCO RUSTANDI,DOLPHIN CHERRY FIELD
03 - 25 M Kaki Bebas + Papan KU A. B. C. D Putra,10,2,MUHAMMAD FAKHRI AL GHAZALI,FANTASTIC SWIMMING
03 - 25 M Kaki Bebas + Papan KU A. B. C. D Putra,10,3,MUHAMMAD IRGI AR RASHID,DOLPHIN CHERRY FIELD
03 - 25 M Kaki Bebas + Papan KU A. B. C. D Putra,10,4,MUHAMMAD FATHAN SYARIF DANIYAL,HAPPY SWIMMING CLUB
03 - 25 M Kaki Bebas + Papan KU A. B. C. D Putra,10,5,MUHAMMAD AULIAN MAHASIN,MAULANA AQUATIC
03 - 25 M Kaki Bebas + Papan KU A. B. C. D Putra,10,6,MARVEL DOMINIC SETIAWAN,DOLPHIN CHERRYFIELD
03 - 25 M Kaki Bebas + Papan KU A. B. C. D Putra,11,1,UTSMAN ZAVIER ROFIQ,TKI SWIMMING COURSE
03 - 25 M Kaki Bebas + Papan KU A. B. C. D Putra,11,2,ABDULLAH SYATHIR HARIYANTO,DOLPHIN CHERRY FIELD
03 - 25 M Kaki Bebas + Papan KU A. B. C. D Putra,11,3,ALDRICH SURYADANENDRA,DOLPHIN CHERRY FIELD
03 - 25 M Kaki Bebas + Papan KU A. B. C. D Putra,11,4,ABIDZAR ARFAN RAQILA,TRILOGY SWIMMING COURSE
03 - 25 M Kaki Bebas + Papan KU A. B. C. D Putra,11,5,ZAIN HAMIZAN,HAPPY SWIMMING CLUB
03 - 25 M Kaki Bebas + Papan KU A. B. C. D Putra,11,6,MUZZAKI TAUFIQ  ALFATIH,FANTASTIC SWIMMING
03 - 25 M Kaki Bebas + Papan KU A. B. C. D Putra,12,1,AZZAM ABIZZARD PUTRA WIRHAMSYAH,SAMPOERNA SWIMMING CLUB
03 - 25 M Kaki Bebas + Papan KU A. B. C. D Putra,12,2,KA'EL NUR  SHAKIEL,FANTASTIC SWIMMING
03 - 25 M Kaki Bebas + Papan KU A. B. C. D Putra,12,3,ZHAKI SYAHROFAL,ZAG SWIMMING SCHOOL
03 - 25 M Kaki Bebas + Papan KU A. B. C. D Putra,12,4,RAINZCEDA GERALD HALIM,N112 SWIMMING CLUB
03 - 25 M Kaki Bebas + Papan KU A. B. C. D Putra,12,5,HAMZAH KHALIF AFFANDI,HAPPY SWIMMING CLUB
03 - 25 M Kaki Bebas + Papan KU A. B. C. D Putra,12,6,ARIF MUHAMAD RIZWAN,FANTASTIC SWIMMING
04 - 25 M Kaki Bebas + Papan KU A. B. C. D Putri,01,2,ALULA ARGA ANINDITA,ZAG SWIMMING SCHOOL
04 - 25 M Kaki Bebas + Papan KU A. B. C. D Putri,01,3,ADREENA NAFAS ASADEL,TETRA SWIMMING COURSE
04 - 25 M Kaki Bebas + Papan KU A. B. C. D Putri,02,1,AZZALEA LANIKA PUTRI PERMANA,CLUBSUNSPORTBDG
04 - 25 M Kaki Bebas + Papan KU A. B. C. D Putri,02,2,DWIAYU PUTRI WULANDARI,TETRA SWIMMING COURSE
04 - 25 M Kaki Bebas + Papan KU A. B. C. D Putri,02,3,FATHIYA SHAKA KIRANA,TIRTA ADIPURA SWIMMING SCHOOL
04 - 25 M Kaki Bebas + Papan KU A. B. C. D Putri,02,4,ELAINE LEIKA KURNIAWAN,DOLPHIN CHERRY FIELD
04 - 25 M Kaki Bebas + Papan KU A. B. C. D Putri,02,5,BRIGITA YOHANA FELICIA,TKI SWIMMING COURSE
04 - 25 M Kaki Bebas + Papan KU A. B. C. D Putri,02,6,ARSHANAYA ZAINA AL-MAIDA,TIRTA ADIPURA SWIMMING SCHOOL
04 - 25 M Kaki Bebas + Papan KU A. B. C. D Putri,03,1,GRIZELLA XAVIA PUTRI,SUPER SWIMMING SCHOOL
04 - 25 M Kaki Bebas + Papan KU A. B. C. D Putri,03,2,JOSEPHINE MADELINE BERNADETH,N112 SWIMMING CLUB
04 - 25 M Kaki Bebas + Papan KU A. B. C. D Putri,03,3,LEANA VINDYA,SUPER SWIMMING SCHOOL
04 - 25 M Kaki Bebas + Papan KU A. B. C. D Putri,03,4,KALEA DEOLINA A A,N112 SWIMMING CLUB
04 - 25 M Kaki Bebas + Papan KU A. B. C. D Putri,03,5,JENNAIRA RASHIDA ZAIBA,EAGLES SWIMMING COURSE
04 - 25 M Kaki Bebas + Papan KU A. B. C. D Putri,03,6,FINNA LOVANDRA SITORUS,TKI SWIMMING COURSE
04 - 25 M Kaki Bebas + Papan KU A. B. C. D Putri,04,1,NAZWA ZAFIATU ZAHRA,FANTASTIC SWIMMING
04 - 25 M Kaki Bebas + Papan KU A. B. C. D Putri,04,2,RALLINE MILLIENKA VIANDO,N112 SWIMMING CLUB
04 - 25 M Kaki Bebas + Papan KU A. B. C. D Putri,04,3,SARAH NAULI SILAEN,TKI SWIMMING COURSE
04 - 25 M Kaki Bebas + Papan KU A. B. C. D Putri,04,4,SANSA SHANUM PURNAMA,TKI SWIMMING COURSE
04 - 25 M Kaki Bebas + Papan KU A. B. C. D Putri,04,5,NUHA FADHIL BALADRAF,TETRA SWIMMING COURSE
04 - 25 M Kaki Bebas + Papan KU A. B. C. D Putri,04,6,MIKHAYLA ADZ ZAKIYYA ISLANDI,N112 SWIMMING CLUB
04 - 25 M Kaki Bebas + Papan KU A. B. C. D Putri,05,1,ADREENA FAKHRANI AZKADINA,FANTASTIC SWIMMING
04 - 25 M Kaki Bebas + Papan KU A. B. C. D Putri,05,2,ALMA RANIA NURRACHMAN,N112 SWIMMING CLUB
04 - 25 M Kaki Bebas + Papan KU A. B. C. D Putri,05,3,JEMIMA ORLIN SHADIQIEN,TKI SWIMMING COURSE
04 - 25 M Kaki Bebas + Papan KU A. B. C. D Putri,05,4,CHIQUITA ELENA WU,EAGLES SWIMMING COURSE
04 - 25 M Kaki Bebas + Papan KU A. B. C. D Putri,05,5,ALISHA INAYYAH FIRMANSYAH,HAPPY SWIMMING CLUB
04 - 25 M Kaki Bebas + Papan KU A. B. C. D Putri,05,6,SHEZAN MAHEEN JENNA,ZAG SWIMMING SCHOOL
04 - 25 M Kaki Bebas + Papan KU A. B. C. D Putri,06,1,KHANSA AZZALEA HUMAIRA,TKI SWIMMING COURSE
04 - 25 M Kaki Bebas + Papan KU A. B. C. D Putri,06,2,MARYAM AEERA,N112 SWIMMING CLUB
04 - 25 M Kaki Bebas + Papan KU A. B. C. D Putri,06,3,SAKHIYA KAINA RIZKY,N112 SWIMMING CLUB
04 - 25 M Kaki Bebas + Papan KU A. B. C. D Putri,06,4,MORLI QIRANI,TRILOGY SWIMMING COURSE
04 - 25 M Kaki Bebas + Papan KU A. B. C. D Putri,06,5,KHANZA PUTRI ARSIL,TKI SWIMMING COURSE
04 - 25 M Kaki Bebas + Papan KU A. B. C. D Putri,06,6,KENANG GAMILA JENAKA,SD PELITA FAJAR
04 - 25 M Kaki Bebas + Papan KU A. B. C. D Putri,07,1,AFIFA AZMYA NURHILYAH,FANTASTIC SWIMMING
04 - 25 M Kaki Bebas + Papan KU A. B. C. D Putri,07,2,ALEXANDRA KYORA MALIKA SUBAGYO,N112 SWIMMING CLUB
04 - 25 M Kaki Bebas + Papan KU A. B. C. D Putri,07,3,DEWI TAMASRIFAH MAHARANI,ANTARKTIKA
04 - 25 M Kaki Bebas + Papan KU A. B. C. D Putri,07,4,ARSHEENA PUTRI AURORA ABDULLAH,TKI SWIMMING COURSE
04 - 25 M Kaki Bebas + Papan KU A. B. C. D Putri,07,5,ALESHA SHANUM AZZAHRA,TETRA SWIMMING COURSE
04 - 25 M Kaki Bebas + Papan KU A. B. C. D Putri,07,6,SHADIQAH BILQIS UMAIZA ANANTO,TKI SWIMMING COURSE
04 - 25 M Kaki Bebas + Papan KU A. B. C. D Putri,08,1,LADY MOOILA ALHADI,SWIMPLAY
04 - 25 M Kaki Bebas + Papan KU A. B. C. D Putri,08,2,SHAEHETTE ALESHA ATHAYA,TIRTA ADIPURA SWIMMING SCHOOL
04 - 25 M Kaki Bebas + Papan KU A. B. C. D Putri,08,3,SITI HAFSAH AZAKYAH,FANTASTIC SWIMMING
04 - 25 M Kaki Bebas + Papan KU A. B. C. D Putri,08,4,SHAQILLA BATRISYIA AZHARI,DOLPHIN CHERRY FIELD
04 - 25 M Kaki Bebas + Papan KU A. B. C. D Putri,08,5,LUCREZIA CHERYL,HAPPY SWIMMING CLUB
04 - 25 M Kaki Bebas + Papan KU A. B. C. D Putri,08,6,JAXXINE MILIVAN LIEM,HAPPY SWIMMING CLUB
04 - 25 M Kaki Bebas + Papan KU A. B. C. D Putri,09,1,ADHIALA WIRZA,TRILOGY SWIMMING COURSE
04 - 25 M Kaki Bebas + Papan KU A. B. C. D Putri,09,2,CLAIRINE AVIGAIL PERMADI,HAPPY SWIMMING CLUB
04 - 25 M Kaki Bebas + Papan KU A. B. C. D Putri,09,3,ELSA KAHFI,FANTASTIC SWIMMING
04 - 25 M Kaki Bebas + Papan KU A. B. C. D Putri,09,4,DAYYINAH ANANDYA LESTARI,TRILOGY SWIMMING COURSE
04 - 25 M Kaki Bebas + Papan KU A. B. C. D Putri,09,5,CANTIGI RANEYSHA PUTRI PRADIPTA,TRILOGY SWIMMING COURSE
04 - 25 M Kaki Bebas + Papan KU A. B. C. D Putri,09,6,SYAQQIA AISYAH RAHMAN,SWIMPLAY
04 - 25 M Kaki Bebas + Papan KU A. B. C. D Putri,10,1,PRADHIALA WIRZA,TRILOGY SWIMMING COURSE
04 - 25 M Kaki Bebas + Papan KU A. B. C. D Putri,10,2,ZHAFIRA RAISYANA SAUQI,TRILOGY SWIMMING COURSE
04 - 25 M Kaki Bebas + Papan KU A. B. C. D Putri,10,3,HUMAIRA MUTIARA PUTRI,IN-HU SWIMMING CLUB
04 - 25 M Kaki Bebas + Papan KU A. B. C. D Putri,10,4,SHALUNA AYUDIA ARIFIN,HN SWIMMING COURSE
04 - 25 M Kaki Bebas + Papan KU A. B. C. D Putri,10,5,QISYA AQUINA JASMINE,ZAG SWIMMING SCHOOL
04 - 25 M Kaki Bebas + Papan KU A. B. C. D Putri,10,6,NADHIRA ZEA QOTHRUNADA,TRILOGY SWIMMING COURSE
05 - 25 M Kaki Bebas Fins + Papan KU A. B. C. D Putra,01,2,ANAKING ASKARA SUNDA,FSC
05 - 25 M Kaki Bebas Fins + Papan KU A. B. C. D Putra,01,3,ARTHUR EDRIC LIU,N112 SWIMMING CLUB
05 - 25 M Kaki Bebas Fins + Papan KU A. B. C. D Putra,01,4,ARSHAD DZUHAIRI AMINUDIN,EAGLES SWIMMING COURSE
05 - 25 M Kaki Bebas Fins + Papan KU A. B. C. D Putra,02,1,BARIQ ARKANA PURWADI,N112 SWIMMING CLUB
05 - 25 M Kaki Bebas Fins + Papan KU A. B. C. D Putra,02,2,BIMA ALFAREZQY ANSHARI,TKI SWIMMING COURSE
05 - 25 M Kaki Bebas Fins + Papan KU A. B. C. D Putra,02,3,DIMITRI LAZUARDI AGHNA MUCHTAR,TIRTA ADIPURA SWIMMING SCHOOL
05 - 25 M Kaki Bebas Fins + Papan KU A. B. C. D Putra,02,4,DEVEN ELEAZAR,TKI SWIMMING COURSE
05 - 25 M Kaki Bebas Fins + Papan KU A. B. C. D Putra,02,5,BILAL BAIHAQI KHAIZAN,BARRA SWIMMING CLUB
05 - 25 M Kaki Bebas Fins + Papan KU A. B. C. D Putra,02,6,ARZANKA ARSENIO IRAWAN,ZAG SWIMMING SCHOOL
05 - 25 M Kaki Bebas Fins + Papan KU A. B. C. D Putra,03,1,GANENDRA ASAGI ARDIANSYAH,N112 SWIMMING CLUB
05 - 25 M Kaki Bebas Fins + Papan KU A. B. C. D Putra,03,2,IBRAHIM KAFI AL-FARIZKY,N112 SWIMMING CLUB
05 - 25 M Kaki Bebas Fins + Papan KU A. B. C. D Putra,03,3,KEEFANDRA ZAVIER ALTEZZA MAHESSA,DOLPHIN CHERRY FIELD
05 - 25 M Kaki Bebas Fins + Papan KU A. B. C. D Putra,03,4,JADEN EMMANUEL KOMALA,TKI SWIMMING COURSE
05 - 25 M Kaki Bebas Fins + Papan KU A. B. C. D Putra,03,5,GHAZZAMTA ELFATAR FAOZILHAQ,N112 SWIMMING CLUB
05 - 25 M Kaki Bebas Fins + Papan KU A. B. C. D Putra,03,6,EL RUMI HIDEAKI,BARRA SWIMMING CLUB
05 - 25 M Kaki Bebas Fins + Papan KU A. B. C. D Putra,04,1,LEANDER FYN HUDIYONO,N112 SWIMMING CLUB
05 - 25 M Kaki Bebas Fins + Papan KU A. B. C. D Putra,04,2,MUHAMMAD AQMAR JUBAIR FIRDAUS,BSL
05 - 25 M Kaki Bebas Fins + Papan KU A. B. C. D Putra,04,3,MUHAMMAD DZAKIR HABIBILLAH,HAPPY SWIMMING CLUB
05 - 25 M Kaki Bebas Fins + Papan KU A. B. C. D Putra,04,4,MUHAMMAD DZAKIANDRA MAHAWIRA PRABOWO,TK AL AZHAR 30 BANDUNG/KIDUCK SWIMMING CLUB
05 - 25 M Kaki Bebas Fins + Papan KU A. B. C. D Putra,04,5,M IZAAC ADLANI NASIR,FSC
05 - 25 M Kaki Bebas Fins + Papan KU A. B. C. D Putra,04,6,KIANDRA RAIZAN BANGSA HAIL,EAGLES SWIMMING COURSE
05 - 25 M Kaki Bebas Fins + Papan KU A. B. C. D Putra,05,1,MUHAMMAD HANIF,BARRA SWIMMING CLUB
05 - 25 M Kaki Bebas Fins + Papan KU A. B. C. D Putra,05,2,MUHAMMAD NAUFAL ALFARIZQI APRIYADI,KOHANA SC
05 - 25 M Kaki Bebas Fins + Papan KU A. B. C. D Putra,05,3,NATHAN GOMGOM SIMBOLON,WATER SPEED AC
05 - 25 M Kaki Bebas Fins + Papan KU A. B. C. D Putra,05,4,MUHAMMAD ZAYD RAZIQ ASSHAUQI,TETRA SWIMMING COURSE
05 - 25 M Kaki Bebas Fins + Papan KU A. B. C. D Putra,05,5,MUHAMMAD NABIL FEBRIANSYAH,N112 SWIMMING CLUB
05 - 25 M Kaki Bebas Fins + Papan KU A. B. C. D Putra,05,6,MUHAMMAD GIBRAN ALFATIH,BARRA SWIMMING CLUB
05 - 25 M Kaki Bebas Fins + Papan KU A. B. C. D Putra,06,1,REZQIANO ALVIERO RASYAFA PRATAMA,TK SANDHY PUTRA
05 - 25 M Kaki Bebas Fins + Papan KU A. B. C. D Putra,06,2,SAMUEL NABONGGAL LASROHA SITUMORANG,TKI SWIMMING COURSE
05 - 25 M Kaki Bebas Fins + Papan KU A. B. C. D Putra,06,3,TIMOTHY LEANDER CHAHYADI,N112 SWIMMING CLUB
05 - 25 M Kaki Bebas Fins + Papan KU A. B. C. D Putra,06,4,SULTHAN FAEYZA GHANI,RAJAWALI SC
05 - 25 M Kaki Bebas Fins + Papan KU A. B. C. D Putra,06,5,SAHAT MARULI HABEAHAN,PUTRA INTAN SWIMMING
05 - 25 M Kaki Bebas Fins + Papan KU A. B. C. D Putra,06,6,RAFFAZA ARZAN ALREDO,HAPPY SWIMMING CLUB
05 - 25 M Kaki Bebas Fins + Papan KU A. B. C. D Putra,07,1,AIDAN ZABRAN AL-MA’ARIJ,TIRTA ADIPURA SWIMMING SCHOOL
05 - 25 M Kaki Bebas Fins + Papan KU A. B. C. D Putra,07,2,ATHARRAZKA FAUZAN HAQ,MASCOT SWIMMING CLUB
05 - 25 M Kaki Bebas Fins + Papan KU A. B. C. D Putra,07,3,DARREN DELWYN SUKMANA,TETRA SWIMMING COURSE
05 - 25 M Kaki Bebas Fins + Papan KU A. B. C. D Putra,07,4,BERYL ALVA ANTONIO OEY,N112 SWIMMING CLUB
05 - 25 M Kaki Bebas Fins + Papan KU A. B. C. D Putra,07,5,ALTRA ATTARAZKHA,DOLPHIN CHERRY FIELD
05 - 25 M Kaki Bebas Fins + Papan KU A. B. C. D Putra,07,6,YUUSHA DAEDALUS KHALID AL-FATIH,SD TRIDAYA TUNAS BANGSA
05 - 25 M Kaki Bebas Fins + Papan KU A. B. C. D Putra,08,1,DIRGA AZIZUL TOPAN,MASCOT SWIMMING CLUB
05 - 25 M Kaki Bebas Fins + Papan KU A. B. C. D Putra,08,2,ELVANO ARIZKI PURNAMA,PUTRA INTAN SWIMMING
05 - 25 M Kaki Bebas Fins + Papan KU A. B. C. D Putra,08,3,HAZEL ALDIZAR SETIAPUTRA,SAMPOERNA SWIMMING CLUB
05 - 25 M Kaki Bebas Fins + Papan KU A. B. C. D Putra,08,4,GABRIEL JUSTIN NATHANAEL ISKANDAR,TKI SWIMMING COURSE
05 - 25 M Kaki Bebas Fins + Papan KU A. B. C. D Putra,08,5,DWITYA RAYI MUHARRAM,N112 SWIMMING CLUB
05 - 25 M Kaki Bebas Fins + Papan KU A. B. C. D Putra,08,6,DEVANDRA EL-HAFIZ,BARRA SWIMMING CLUB
05 - 25 M Kaki Bebas Fins + Papan KU A. B. C. D Putra,09,1,LOUIS XAVIER IVANDER KHO,TKI SWIMMING COURSE
05 - 25 M Kaki Bebas Fins + Papan KU A. B. C. D Putra,09,2,M ARSYA BAHIRA,N112 SWIMMING CLUB
05 - 25 M Kaki Bebas Fins + Papan KU A. B. C. D Putra,09,3,MUHAMMAD RAYYAN FIRDAUS,MASCOT SWIMMING CLUB
05 - 25 M Kaki Bebas Fins + Papan KU A. B. C. D Putra,09,4,M RAIHAN ALFATIH,N112 SWIMMING CLUB
05 - 25 M Kaki Bebas Fins + Papan KU A. B. C. D Putra,09,5,M AFFAN AL FAIZ,HN SWIMMING COURSE
05 - 25 M Kaki Bebas Fins + Papan KU A. B. C. D Putra,09,6,KEENAN ABIMANYU AI FATIH,HAPPY SWIMMING CLUB
05 - 25 M Kaki Bebas Fins + Papan KU A. B. C. D Putra,10,1,NAOKI AKIO PRANATA,PUTRA INTAN SWIMMING
05 - 25 M Kaki Bebas Fins + Papan KU A. B. C. D Putra,10,2,SHABIL DEFRAN ALFARIZQI,TKI SWIMMING COURSE
05 - 25 M Kaki Bebas Fins + Papan KU A. B. C. D Putra,10,3,SHAKEIL AZKA AL BARRA,MASCOT SWIMMING CLUB
05 - 25 M Kaki Bebas Fins + Papan KU A. B. C. D Putra,10,4,SHAKEEL SYATIR ALANKAR,EAGLES SWIMMING COURSE
05 - 25 M Kaki Bebas Fins + Papan KU A. B. C. D Putra,10,5,NARESH ARSHAQA RAUSYANFIKR,N112 SWIMMING CLUB
05 - 25 M Kaki Bebas Fins + Papan KU A. B. C. D Putra,10,6,MUHAMMAD SA’AD,N112 SWIMMING CLUB
05 - 25 M Kaki Bebas Fins + Papan KU A. B. C. D Putra,11,1,ABIZARD SYAHRIL MUAZZAM,MASCOT SWIMMING CLUB
05 - 25 M Kaki Bebas Fins + Papan KU A. B. C. D Putra,11,2,AXEL DARIUS KAMAJAYA,N112 SWIMMING CLUB
05 - 25 M Kaki Bebas Fins + Papan KU A. B. C. D Putra,11,3,DWAYNE WARREN HARYANTO,N112 SWIMMING CLUB
05 - 25 M Kaki Bebas Fins + Papan KU A. B. C. D Putra,11,4,BIRENDRA FARZHAN HARYANTO,MASCOT SWIMMING CLUB
05 - 25 M Kaki Bebas Fins + Papan KU A. B. C. D Putra,11,5,ARFATHAN ARYAN SHAKIEL,MASCOT SWIMMING CLUB
05 - 25 M Kaki Bebas Fins + Papan KU A. B. C. D Putra,11,6,YGGDRASIL HAMZAH AL-FATIH,SD TRIDAYA TUNAS BANGSA
05 - 25 M Kaki Bebas Fins + Papan KU A. B. C. D Putra,12,1,FATIH ARKAN ALFARIZI,TIRTA ADIPURA SWIMMING SCHOOL
05 - 25 M Kaki Bebas Fins + Papan KU A. B. C. D Putra,12,2,IHSAN ABDILLAH,TRILOGY SWIMMING COURSE
05 - 25 M Kaki Bebas Fins + Papan KU A. B. C. D Putra,12,3,MACCA ALLI VIANDO,N112 SWIMMING CLUB
05 - 25 M Kaki Bebas Fins + Papan KU A. B. C. D Putra,12,4,M HAMIZ DAMANIK,DOLPHIN CHERRY FIELD
05 - 25 M Kaki Bebas Fins + Papan KU A. B. C. D Putra,12,5,GALEN EDWARD HAGAN,EAGLES SWIMMING COURSE
05 - 25 M Kaki Bebas Fins + Papan KU A. B. C. D Putra,12,6,FASHA ALFAT SUPRIATNA,REX SPORT CLUB
05 - 25 M Kaki Bebas Fins + Papan KU A. B. C. D Putra,13,1,MUHAMMAD AHKAM AHLI SAWARGA,SWIMMING ACADEMY CENTER GARUT
05 - 25 M Kaki Bebas Fins + Papan KU A. B. C. D Putra,13,2,MUHAMMAD AULIAN MAHASIN,MAULANA AQUATIC
05 - 25 M Kaki Bebas Fins + Papan KU A. B. C. D Putra,13,3,NAVYANDRA KHALIF PRAWIRA,PUTRA INTAN SWIMMING
05 - 25 M Kaki Bebas Fins + Papan KU A. B. C. D Putra,13,4,MUZZAKI TAUFIQ  ALFATIH,FANTASTIC SWIMMING
05 - 25 M Kaki Bebas Fins + Papan KU A. B. C. D Putra,13,5,MUHAMMAD ARSAKA AQLAN PRATAMA,MASCOT SWIMMING CLUB
05 - 25 M Kaki Bebas Fins + Papan KU A. B. C. D Putra,13,6,MAVERICK VICCO RUSTANDI,DOLPHIN CHERRY FIELD
05 - 25 M Kaki Bebas Fins + Papan KU A. B. C. D Putra,14,1,NEYMAR DAMARA,MASCOT SWIMMING CLUB
05 - 25 M Kaki Bebas Fins + Papan KU A. B. C. D Putra,14,2,RIFFAT MIFZAL FAISHA,N112 SWIMMING CLUB
05 - 25 M Kaki Bebas Fins + Papan KU A. B. C. D Putra,14,3,ZAYN HAMIZAN KHASANI,TKI SWIMMING COURSE
05 - 25 M Kaki Bebas Fins + Papan KU A. B. C. D Putra,14,4,SHAKEL DEFRAN ABQORY,TKI SWIMMING COURSE
05 - 25 M Kaki Bebas Fins + Papan KU A. B. C. D Putra,14,5,RAIN KENNETH KUSNANDAR,TKI SWIMMING COURSE
05 - 25 M Kaki Bebas Fins + Papan KU A. B. C. D Putra,14,6,NAZRIL ARKAN SADILLAH FAUSTIN,SAMPOERNA SWIMMING CLUB
05 - 25 M Kaki Bebas Fins + Papan KU A. B. C. D Putra,15,1,AHMAD SYAFIQ AZYAN AL FATIH,N112 SWIMMING CLUB
05 - 25 M Kaki Bebas Fins + Papan KU A. B. C. D Putra,15,2,DAVANO ALDIZAR REYASA YUNDRA,N112 SWIMMING CLUB
05 - 25 M Kaki Bebas Fins + Papan KU A. B. C. D Putra,15,3,FATHIAN ABIZARD ARTANABIL,ZAG SWIMMING SCHOOL
05 - 25 M Kaki Bebas Fins + Papan KU A. B. C. D Putra,15,4,DEMETRIUS ARCHEL LUMBANGAOL,MASCOT SWIMMING CLUB
05 - 25 M Kaki Bebas Fins + Papan KU A. B. C. D Putra,15,5,ARKAN DZAKIANDRA NARATAMA,TKI SWIMMING COURSE
05 - 25 M Kaki Bebas Fins + Papan KU A. B. C. D Putra,15,6,AGAH KURNIA DININGRAT,TKI SWIMMING COURSE
05 - 25 M Kaki Bebas Fins + Papan KU A. B. C. D Putra,16,1,JASON SKY KAMAL,DOLPHIN CHERRY FIELD
05 - 25 M Kaki Bebas Fins + Papan KU A. B. C. D Putra,16,2,KENZIE HAFIDZ RIVANDRA,MASCOT SWIMMING CLUB
05 - 25 M Kaki Bebas Fins + Papan KU A. B. C. D Putra,16,3,MIKHAIL ADMIRAL ARASYKA DAY,ANTARKTIKA
05 - 25 M Kaki Bebas Fins + Papan KU A. B. C. D Putra,16,4,MACERIO EUDOR MADYANTORO,SWIMPLAY
05 - 25 M Kaki Bebas Fins + Papan KU A. B. C. D Putra,16,5,KAILASH QUON SHAQUILLE,SAMPOERNA SWIMMING CLUB
05 - 25 M Kaki Bebas Fins + Papan KU A. B. C. D Putra,16,6,IKHSAN CAHYA RAJENDRA,N112 SWIMMING CLUB
05 - 25 M Kaki Bebas Fins + Papan KU A. B. C. D Putra,17,1,MUHAMMAD AZLAN RAFIF,MASCOT SWIMMING CLUB
05 - 25 M Kaki Bebas Fins + Papan KU A. B. C. D Putra,17,2,OWEN ELSON SURYANA,N112 SWIMMING CLUB
05 - 25 M Kaki Bebas Fins + Papan KU A. B. C. D Putra,17,3,RASENDRIA YOICHI SUHARTONO,HAPPY SWIMMING CLUB
05 - 25 M Kaki Bebas Fins + Papan KU A. B. C. D Putra,17,4,RAFKA ALDIZAR MAHESWARA,SAMPOERNA SWIMMING CLUB
05 - 25 M Kaki Bebas Fins + Papan KU A. B. C. D Putra,17,5,MUHAMMAD FAIZ AL FATIH,SAMPOERNA SWIMMING CLUB
05 - 25 M Kaki Bebas Fins + Papan KU A. B. C. D Putra,17,6,MUHAMAD NADIF NUZAR,CIBANTENG SWIMMING COURSE
05 - 25 M Kaki Bebas Fins + Papan KU A. B. C. D Putra,18,1,REYHAN ADHI MAKAYASA,BARRA SWIMMING CLUB
05 - 25 M Kaki Bebas Fins + Papan KU A. B. C. D Putra,18,2,I.G.ADHYASTHA ZAYYID EL SHAARAWY,HN SWIMMING COURSE
05 - 25 M Kaki Bebas Fins + Papan KU A. B. C. D Putra,18,3,MUHAMMAD RASYA ATHAYA,IN-HU SWIMMING CLUB
05 - 25 M Kaki Bebas Fins + Papan KU A. B. C. D Putra,18,4,NATHAN MALIK IZQIAN,SAMPOERNA SWIMMING CLUB
05 - 25 M Kaki Bebas Fins + Papan KU A. B. C. D Putra,18,5,SHALOM IVANDER SINAGA,MASCOT SWIMMING CLUB
05 - 25 M Kaki Bebas Fins + Papan KU A. B. C. D Putra,18,6,RAZQA MAULANA BRATAWIJAYA,MASCOT SWIMMING CLUB
06 - 25 M Kaki Bebas Fins + Papan KU A. B. C. D Putri,01,2,ADZKIYA AFTANI SUMARDI,BARRA SWIMMING CLUB
06 - 25 M Kaki Bebas Fins + Papan KU A. B. C. D Putri,01,3,TAZKIA MUFIDATUL ILMI,N112 SWIMMING CLUB
06 - 25 M Kaki Bebas Fins + Papan KU A. B. C. D Putri,02,1,ARUNI KAMILA SYAHIDA AR,FANTASTIC SWIMMING
06 - 25 M Kaki Bebas Fins + Papan KU A. B. C. D Putri,02,2,AZZALEA LANIKA PUTRI PERMANA,CLUBSUNSPORTBDG
06 - 25 M Kaki Bebas Fins + Papan KU A. B. C. D Putri,02,3,FINNA LOVANDRA SITORUS,TKI SWIMMING COURSE
06 - 25 M Kaki Bebas Fins + Papan KU A. B. C. D Putri,02,4,FATHIYA SHAKA KIRANA,TIRTA ADIPURA SWIMMING SCHOOL
06 - 25 M Kaki Bebas Fins + Papan KU A. B. C. D Putri,02,5,AULIA ULFA RAFANDA,BARRA SWIMMING CLUB
06 - 25 M Kaki Bebas Fins + Papan KU A. B. C. D Putri,02,6,ARSHANAYA ZAINA AL-MAIDA,TIRTA ADIPURA SWIMMING SCHOOL
06 - 25 M Kaki Bebas Fins + Papan KU A. B. C. D Putri,03,1,KIMILAYA JEMIMA GUDIARGIE,FSC
06 - 25 M Kaki Bebas Fins + Papan KU A. B. C. D Putri,03,2,NAFEEZA QUINNA SHAZFA,MASCOT SWIMMING CLUB
06 - 25 M Kaki Bebas Fins + Papan KU A. B. C. D Putri,03,3,NUHA MUSLIMATUL KAAFFAH,ZAG SWIMMING SCHOOL
06 - 25 M Kaki Bebas Fins + Papan KU A. B. C. D Putri,03,4,NASHA ZAYYANA MECCA,TETRA SWIMMING COURSE
06 - 25 M Kaki Bebas Fins + Papan KU A. B. C. D Putri,03,5,LASHIRA PUSPITASARI RENGGANIS,EAGLES SWIMMING COURSE
06 - 25 M Kaki Bebas Fins + Papan KU A. B. C. D Putri,03,6,JIHANA NAFIZA ALMAHYRA,RAJAWALI SC
06 - 25 M Kaki Bebas Fins + Papan KU A. B. C. D Putri,04,1,TATJANA SHAQEENA NAZHALA AULIA,N112 SWIMMING CLUB
06 - 25 M Kaki Bebas Fins + Papan KU A. B. C. D Putri,04,2,ZHARIFA FAKHIRA MAULIDA,N112 SWIMMING CLUB
06 - 25 M Kaki Bebas Fins + Papan KU A. B. C. D Putri,04,3,ALLEGRA ZIANARA RIZKIANA,SRS ASKO
06 - 25 M Kaki Bebas Fins + Papan KU A. B. C. D Putri,04,4,ALE ALMAHIRA,N112 SWIMMING CLUB
06 - 25 M Kaki Bebas Fins + Papan KU A. B. C. D Putri,04,5,THALITA ARSHELLY SAFWANA,FSC
06 - 25 M Kaki Bebas Fins + Papan KU A. B. C. D Putri,04,6,SHIREEN ADZKIA RAFIF,DOLPHIN CHERRY FIELD
06 - 25 M Kaki Bebas Fins + Papan KU A. B. C. D Putri,05,1,ALMAHYRA MUTHMAINA FIRESHA,FSC
06 - 25 M Kaki Bebas Fins + Papan KU A. B. C. D Putri,05,2,KAMILA AIRANI FIRDAUS,TKI SWIMMING COURSE
06 - 25 M Kaki Bebas Fins + Papan KU A. B. C. D Putri,05,3,NOURA RAVABIA SYAHNAERA,N112 SWIMMING CLUB
06 - 25 M Kaki Bebas Fins + Papan KU A. B. C. D Putri,05,4,NAILA ARSYILLA ZHARIFA,ZAG SWIMMING SCHOOL
06 - 25 M Kaki Bebas Fins + Papan KU A. B. C. D Putri,05,5,GRACELYNN ANELLA MAELIE,N112 SWIMMING CLUB
06 - 25 M Kaki Bebas Fins + Papan KU A. B. C. D Putri,05,6,ALMAHIRA KIANA AZKADINA,N112 SWIMMING CLUB
06 - 25 M Kaki Bebas Fins + Papan KU A. B. C. D Putri,06,1,SHADIQAH BILQIS UMAIZA ANANTO,TKI SWIMMING COURSE
06 - 25 M Kaki Bebas Fins + Papan KU A. B. C. D Putri,06,2,SYAKILA JAUHARA ISKANDAR,TRILOGY SWIMMING COURSE
06 - 25 M Kaki Bebas Fins + Papan KU A. B. C. D Putri,06,3,AIZA HASNA KAMILA,ANTARKTIKA
06 - 25 M Kaki Bebas Fins + Papan KU A. B. C. D Putri,06,4,ADEEVA LUNA MYESHA,ANTARKTIKA
06 - 25 M Kaki Bebas Fins + Papan KU A. B. C. D Putri,06,5,SHAQUEENA MARZIA IHSANI,SN BURUYNGOJAY
06 - 25 M Kaki Bebas Fins + Papan KU A. B. C. D Putri,06,6,RALINE ANNADA SHEINAFIA,FSC
06 - 25 M Kaki Bebas Fins + Papan KU A. B. C. D Putri,07,1,ALIFA SHAKILA RAMDANI,MASCOT SWIMMING CLUB
06 - 25 M Kaki Bebas Fins + Papan KU A. B. C. D Putri,07,2,ARSYILA MUTIARA MARTHA,MASCOT SWIMMING CLUB
06 - 25 M Kaki Bebas Fins + Papan KU A. B. C. D Putri,07,3,AZKIA ZAHRA MAHARANI,FSC
06 - 25 M Kaki Bebas Fins + Papan KU A. B. C. D Putri,07,4,ARSYLA NAYYARA ALMAHYRA,N112 SWIMMING CLUB
06 - 25 M Kaki Bebas Fins + Papan KU A. B. C. D Putri,07,5,ARIANA ANNAYA AURADIPTYA,N112 SWIMMING CLUB
06 - 25 M Kaki Bebas Fins + Papan KU A. B. C. D Putri,07,6,ALESHA SYIFA KAYYISA SOLEHAH,HAPPY SWIMMING CLUB
06 - 25 M Kaki Bebas Fins + Papan KU A. B. C. D Putri,08,1,GISELLE MERCIA CHRISTIAN,TKI SWIMMING COURSE
06 - 25 M Kaki Bebas Fins + Papan KU A. B. C. D Putri,08,2,QISTHI YUMNA AQILATUNNISA,N112 SWIMMING CLUB
06 - 25 M Kaki Bebas Fins + Papan KU A. B. C. D Putri,08,3,REVINA AULIA,MASCOT SWIMMING CLUB
06 - 25 M Kaki Bebas Fins + Papan KU A. B. C. D Putri,08,4,RANNAN MUTHMAINNAH PUTRI,BLUE OCEAN AQUATIC CLUB
06 - 25 M Kaki Bebas Fins + Papan KU A. B. C. D Putri,08,5,KEI RANYA MAKAILA,N112 SWIMMING CLUB
06 - 25 M Kaki Bebas Fins + Papan KU A. B. C. D Putri,08,6,BINAR CANTIKNYA FARZANA SUTIRISNO,MASCOT SWIMMING CLUB
06 - 25 M Kaki Bebas Fins + Papan KU A. B. C. D Putri,09,1,SELLA ASKA PRAMUDITA,CIBANTENG SWIMMING COURSE
06 - 25 M Kaki Bebas Fins + Papan KU A. B. C. D Putri,09,2,SHAEHETTE ALESHA ATHAYA,TIRTA ADIPURA SWIMMING SCHOOL
06 - 25 M Kaki Bebas Fins + Papan KU A. B. C. D Putri,09,3,SHEZAN AZKAYRA QALESYA,REX SPORT CLUB
06 - 25 M Kaki Bebas Fins + Papan KU A. B. C. D Putri,09,4,SHAQILLA BATRISYIA AZHARI,DOLPHIN CHERRY FIELD
06 - 25 M Kaki Bebas Fins + Papan KU A. B. C. D Putri,09,5,SHABIYA ARUNIKA SIDDIQ,TRILOGY SWIMMING COURSE
06 - 25 M Kaki Bebas Fins + Papan KU A. B. C. D Putri,09,6,SABRINA ZALFA FARADINA,BARRA SWIMMING CLUB
06 - 25 M Kaki Bebas Fins + Papan KU A. B. C. D Putri,10,1,SYAKIRA SHAQUEENA HUMAIRA,BLUE OCEAN AQUATIC CLUB
06 - 25 M Kaki Bebas Fins + Papan KU A. B. C. D Putri,10,2,ADIFA ASHALINA NURFAUZIAH,MASCOT SWIMMING CLUB
06 - 25 M Kaki Bebas Fins + Papan KU A. B. C. D Putri,10,3,ALMIRA DZIKRIYA ARDILLAH,TRILOGY SWIMMING COURSE
06 - 25 M Kaki Bebas Fins + Papan KU A. B. C. D Putri,10,4,ALLIFA SALSABILLA,FSC
06 - 25 M Kaki Bebas Fins + Papan KU A. B. C. D Putri,10,5,ABIGAEL ULLA AZQUEERA,SAMPOERNA SWIMMING CLUB
06 - 25 M Kaki Bebas Fins + Papan KU A. B. C. D Putri,10,6,SITI HAFSAH AZAKYAH,FANTASTIC SWIMMING
06 - 25 M Kaki Bebas Fins + Papan KU A. B. C. D Putri,11,1,ARSYILLA PUTRI SANTOSA,N112 SWIMMING CLUB
06 - 25 M Kaki Bebas Fins + Papan KU A. B. C. D Putri,11,2,CLAIRINE AVIGAIL PERMADI,HAPPY SWIMMING CLUB
06 - 25 M Kaki Bebas Fins + Papan KU A. B. C. D Putri,11,3,GITA APRILIA,SAMPOERNA SWIMMING CLUB
06 - 25 M Kaki Bebas Fins + Papan KU A. B. C. D Putri,11,4,CLOUDYA CEISYA PRAESA,N112 SWIMMING CLUB
06 - 25 M Kaki Bebas Fins + Papan KU A. B. C. D Putri,11,5,ASHILLA QATRUNADA ALFATHUNISA,MASCOT SWIMMING CLUB
06 - 25 M Kaki Bebas Fins + Papan KU A. B. C. D Putri,11,6,AQISYA YUMNA ALMAS HASYIMIYAH,BSL
06 - 25 M Kaki Bebas Fins + Papan KU A. B. C. D Putri,12,1,KALA SAUFA ARASEMBANG,IN-HU SWIMMING CLUB
06 - 25 M Kaki Bebas Fins + Papan KU A. B. C. D Putri,12,2,KIRANA GITA MAHESWARI,DOLPHIN CHERRY FIELD
06 - 25 M Kaki Bebas Fins + Papan KU A. B. C. D Putri,12,3,QISYA AQUINA JASMINE,ZAG SWIMMING SCHOOL
06 - 25 M Kaki Bebas Fins + Papan KU A. B. C. D Putri,12,4,MEISYA NUR RAMADHANI,MASCOT SWIMMING CLUB
06 - 25 M Kaki Bebas Fins + Papan KU A. B. C. D Putri,12,5,KINARA SHERILIA ROYANA,REX SPORT CLUB
06 - 25 M Kaki Bebas Fins + Papan KU A. B. C. D Putri,12,6,HUSNA KINANTI,FSC
06 - 25 M Kaki Bebas Fins + Papan KU A. B. C. D Putri,13,1,SALIMA AZKA FITHRIYA,HN SWIMMING COURSE
06 - 25 M Kaki Bebas Fins + Papan KU A. B. C. D Putri,13,2,TASYA ALINA SALSABILA,CIBANTENG SWIMMING COURSE
06 - 25 M Kaki Bebas Fins + Papan KU A. B. C. D Putri,13,3,KHANZA NAFISHA ALMAHYRA,SAMPOERNA SWIMMING CLUB
06 - 25 M Kaki Bebas Fins + Papan KU A. B. C. D Putri,13,4,AFIZA GHANIA,YOURSWIMM
06 - 25 M Kaki Bebas Fins + Papan KU A. B. C. D Putri,13,5,SOFIA ADELAINE TANUJAYA,EAGLES SWIMMING COURSE
06 - 25 M Kaki Bebas Fins + Papan KU A. B. C. D Putri,13,6,RAINA AZKHA,FANTASTIC SWIMMING
06 - 25 M Kaki Bebas Fins + Papan KU A. B. C. D Putri,14,1,ASIYAH RIZQI IQLIMA,SAMPOERNA SWIMMING CLUB
06 - 25 M Kaki Bebas Fins + Papan KU A. B. C. D Putri,14,2,ADELLIA PUTRI GUNAWAN SANJAYA,IN-HU SWIMMING CLUB
06 - 25 M Kaki Bebas Fins + Papan KU A. B. C. D Putri,14,3,HUMAIRA MUTIARA PUTRI,IN-HU SWIMMING CLUB
06 - 25 M Kaki Bebas Fins + Papan KU A. B. C. D Putri,14,4,SHALUNA AYUDIA ARIFIN,HN SWIMMING COURSE
06 - 25 M Kaki Bebas Fins + Papan KU A. B. C. D Putri,14,5,TIARA AZHARY,SAMPOERNA SWIMMING CLUB
06 - 25 M Kaki Bebas Fins + Papan KU A. B. C. D Putri,14,6,MEDINAAZZAHRA,HN SWIMMING COURSE
07 - 25 M Gaya Kupu-Kupu Fins KU B. C. D Putra,01,2,AIDAN ZABRAN AL-MA’ARIJ,TIRTA ADIPURA SWIMMING SCHOOL
07 - 25 M Gaya Kupu-Kupu Fins KU B. C. D Putra,01,3,AHMAD MUZAFFAR HARIYANTO,DOLPHIN CHERRY FIELD
07 - 25 M Gaya Kupu-Kupu Fins KU B. C. D Putra,02,1,ARSYAH RASYID ZAIN,HAPPY SWIMMING CLUB
07 - 25 M Gaya Kupu-Kupu Fins KU B. C. D Putra,02,2,DWITYA RAYI MUHARRAM,N112 SWIMMING CLUB
07 - 25 M Gaya Kupu-Kupu Fins KU B. C. D Putra,02,3,KEENAN ABIMANYU AI FATIH,HAPPY SWIMMING CLUB
07 - 25 M Gaya Kupu-Kupu Fins KU B. C. D Putra,02,4,GABRIEL JUSTIN NATHANAEL ISKANDAR,TKI SWIMMING COURSE
07 - 25 M Gaya Kupu-Kupu Fins KU B. C. D Putra,02,5,DIRGA AZIZUL TOPAN,MASCOT SWIMMING CLUB
07 - 25 M Gaya Kupu-Kupu Fins KU B. C. D Putra,03,1,LUCKY PUTRA RAMDANI,RIKO SWIMMING CLUB
07 - 25 M Gaya Kupu-Kupu Fins KU B. C. D Putra,03,2,MUHAMMAD ARSYANENDRA ARKANA,N112 SWIMMING CLUB
07 - 25 M Gaya Kupu-Kupu Fins KU B. C. D Putra,03,3,R. KENZO G. MARTIAGO,N112 SWIMMING CLUB
07 - 25 M Gaya Kupu-Kupu Fins KU B. C. D Putra,03,4,MUHAMMAD RAYYAN FIRDAUS,MASCOT SWIMMING CLUB
07 - 25 M Gaya Kupu-Kupu Fins KU B. C. D Putra,03,5,M RAIHAN ALFATIH,N112 SWIMMING CLUB
07 - 25 M Gaya Kupu-Kupu Fins KU B. C. D Putra,03,6,KHAFI EL AZZAM NUGRAHA,IN-HU SWIMMING CLUB
07 - 25 M Gaya Kupu-Kupu Fins KU B. C. D Putra,04,1,RIZKY BA'ASYR FEBRIYANTO,SN BURUYNGOJAY
07 - 25 M Gaya Kupu-Kupu Fins KU B. C. D Putra,04,2,ABIZARD SYAHRIL MUAZZAM,MASCOT SWIMMING CLUB
07 - 25 M Gaya Kupu-Kupu Fins KU B. C. D Putra,04,3,AKMAL NAFIS FAUZAN,TKI SWIMMING COURSE
07 - 25 M Gaya Kupu-Kupu Fins KU B. C. D Putra,04,4,AHZA ARSAKHA GUNAWAN,RIKO SWIMMING CLUB
07 - 25 M Gaya Kupu-Kupu Fins KU B. C. D Putra,04,5,TOBIAS JUNJUNGAN,N112 SWIMMING CLUB
07 - 25 M Gaya Kupu-Kupu Fins KU B. C. D Putra,04,6,RAFAIZAL ARKA JULIANSYAH,SN BURUYNGOJAY
07 - 25 M Gaya Kupu-Kupu Fins KU B. C. D Putra,05,1,ARFATHAN ARYAN SHAKIEL,MASCOT SWIMMING CLUB
07 - 25 M Gaya Kupu-Kupu Fins KU B. C. D Putra,05,2,DWAYNE WARREN HARYANTO,N112 SWIMMING CLUB
07 - 25 M Gaya Kupu-Kupu Fins KU B. C. D Putra,05,3,FATIH ARKAN ALFARIZI,TIRTA ADIPURA SWIMMING SCHOOL
07 - 25 M Gaya Kupu-Kupu Fins KU B. C. D Putra,05,4,FAHDEANDRA ABIZAR DWIYATAMA,N112 SWIMMING CLUB
07 - 25 M Gaya Kupu-Kupu Fins KU B. C. D Putra,05,5,CIKAL AIJAZ AMANSA,HAPPY SWIMMING CLUB
07 - 25 M Gaya Kupu-Kupu Fins KU B. C. D Putra,05,6,ALFAREZEL DAIVA MASASHI,TIRTA ADIPURA SWIMMING SCHOOL
07 - 25 M Gaya Kupu-Kupu Fins KU B. C. D Putra,06,1,MACCA ALLI VIANDO,N112 SWIMMING CLUB
07 - 25 M Gaya Kupu-Kupu Fins KU B. C. D Putra,06,2,MUHAMMAD ARSAKA AQLAN PRATAMA,MASCOT SWIMMING CLUB
07 - 25 M Gaya Kupu-Kupu Fins KU B. C. D Putra,06,3,MUHAMMAD AZKA DERMAWANSYAH,BLUE OCEAN AQUATIC CLUB
07 - 25 M Gaya Kupu-Kupu Fins KU B. C. D Putra,06,4,MUHAMMAD AULIAN MAHASIN,MAULANA AQUATIC
07 - 25 M Gaya Kupu-Kupu Fins KU B. C. D Putra,06,5,MUHAMMAD AHKAM AHLI SAWARGA,SWIMMING ACADEMY CENTER GARUT
07 - 25 M Gaya Kupu-Kupu Fins KU B. C. D Putra,06,6,IBNU GHANI,RIKO SWIMMING CLUB
07 - 25 M Gaya Kupu-Kupu Fins KU B. C. D Putra,07,1,SAHL AFIEF BAASIR,ANTARKTIKA
07 - 25 M Gaya Kupu-Kupu Fins KU B. C. D Putra,07,2,ZEYHAN ALTHAF GHIFARI,ZAG SWIMMING SCHOOL
07 - 25 M Gaya Kupu-Kupu Fins KU B. C. D Putra,07,3,DEMETRIUS ARCHEL LUMBANGAOL,MASCOT SWIMMING CLUB
07 - 25 M Gaya Kupu-Kupu Fins KU B. C. D Putra,07,4,AKAZIA ADICIPTA PRAWIRA,SN BURUYNGOJAY
07 - 25 M Gaya Kupu-Kupu Fins KU B. C. D Putra,07,5,TZURIEL BERNARDINO ARKIANDRA,N112 SWIMMING CLUB
07 - 25 M Gaya Kupu-Kupu Fins KU B. C. D Putra,07,6,NEYMAR DAMARA,MASCOT SWIMMING CLUB
07 - 25 M Gaya Kupu-Kupu Fins KU B. C. D Putra,08,1,EL RAFIF PRASEPTIAN ABADI,SN BURUYNGOJAY
07 - 25 M Gaya Kupu-Kupu Fins KU B. C. D Putra,08,2,GAVRIELL CHRISTOPHER,N112 SWIMMING CLUB
07 - 25 M Gaya Kupu-Kupu Fins KU B. C. D Putra,08,3,IKHSAN CAHYA RAJENDRA,N112 SWIMMING CLUB
07 - 25 M Gaya Kupu-Kupu Fins KU B. C. D Putra,08,4,GIBRAN RAFFASYA MAHARDIKA,RIKO SWIMMING CLUB
07 - 25 M Gaya Kupu-Kupu Fins KU B. C. D Putra,08,5,FASYA SRN AMIR,ANTARKTIKA
07 - 25 M Gaya Kupu-Kupu Fins KU B. C. D Putra,08,6,EDBERT FELICIO SOEMARLI,ANTARKTIKA
07 - 25 M Gaya Kupu-Kupu Fins KU B. C. D Putra,09,1,KENZIE HAFIDZ RIVANDRA,MASCOT SWIMMING CLUB
07 - 25 M Gaya Kupu-Kupu Fins KU B. C. D Putra,09,2,MUHAMMAD AZKA FATHURRAHMAN,DIAMOND SWIMMING CLUB
07 - 25 M Gaya Kupu-Kupu Fins KU B. C. D Putra,09,3,RAYYANKA ALWI PRADIPTA ALKHALIFI,ANTARKTIKA
07 - 25 M Gaya Kupu-Kupu Fins KU B. C. D Putra,09,4,MUHAMMAD FATIH YAZID,RIKO SWIMMING CLUB
07 - 25 M Gaya Kupu-Kupu Fins KU B. C. D Putra,09,5,LAURENTIUS CLIFFTON RYU WIGUNA,N112 SWIMMING CLUB
07 - 25 M Gaya Kupu-Kupu Fins KU B. C. D Putra,09,6,JASON SKY KAMAL,DOLPHIN CHERRY FIELD
07 - 25 M Gaya Kupu-Kupu Fins KU B. C. D Putra,10,1,RAZQA MAULANA BRATAWIJAYA,MASCOT SWIMMING CLUB
07 - 25 M Gaya Kupu-Kupu Fins KU B. C. D Putra,10,2,SHALOM IVANDER SINAGA,MASCOT SWIMMING CLUB
07 - 25 M Gaya Kupu-Kupu Fins KU B. C. D Putra,10,3,MUHAMMAD RASYA ATHAYA,IN-HU SWIMMING CLUB
07 - 25 M Gaya Kupu-Kupu Fins KU B. C. D Putra,10,4,AQMAR ZHAFRAN MULYA,HN SWIMMING COURSE
07 - 25 M Gaya Kupu-Kupu Fins KU B. C. D Putra,10,5,SANPETRA RAYA SEMBIRING,SDK BPK PENABUR CIMAHI
07 - 25 M Gaya Kupu-Kupu Fins KU B. C. D Putra,10,6,RAZKA YAHYA KANANTA,RIKO SWIMMING CLUB
08 - 25 M Gaya Kupu-Kupu Fins KU B. C. D Putri,01,1,CLARY SHERAFINA ZEVA HIDAYAT,N112 SWIMMING CLUB
08 - 25 M Gaya Kupu-Kupu Fins KU B. C. D Putri,01,2,FATHIYYA KHAIRUNNISA YASMINE,RIKO SWIMMING CLUB
08 - 25 M Gaya Kupu-Kupu Fins KU B. C. D Putri,01,3,MADINA ALMAHYRA MISHALL KISWORO,IN-HU SWIMMING CLUB
08 - 25 M Gaya Kupu-Kupu Fins KU B. C. D Putri,01,4,KALLEA ZARMINA ATTRESHINA,SN BURUYNGOJAY
08 - 25 M Gaya Kupu-Kupu Fins KU B. C. D Putri,01,5,DAISHABA ALMAHYRA JENNAHANDINIE,N112 SWIMMING CLUB
08 - 25 M Gaya Kupu-Kupu Fins KU B. C. D Putri,01,6,ALMEERA KHAIRUN NISA,TIRTA ADIPURA SWIMMING SCHOOL
08 - 25 M Gaya Kupu-Kupu Fins KU B. C. D Putri,02,1,SHAILENE ARINKA LIANNISA,EAGLES SWIMMING COURSE
08 - 25 M Gaya Kupu-Kupu Fins KU B. C. D Putri,02,2,AINADHIYA SABILA RUSDIANA,TKI SWIMMING COURSE
08 - 25 M Gaya Kupu-Kupu Fins KU B. C. D Putri,02,3,ALESHA SYIFA KAYYISA SOLEHAH,HAPPY SWIMMING CLUB
08 - 25 M Gaya Kupu-Kupu Fins KU B. C. D Putri,02,4,AIZA HASNA KAMILA,ANTARKTIKA
08 - 25 M Gaya Kupu-Kupu Fins KU B. C. D Putri,02,5,AFNAN FATHIYATU RAHMA,SD HIKMAH TELADAN
08 - 25 M Gaya Kupu-Kupu Fins KU B. C. D Putri,02,6,MAISARA MARZIA QARIAH,SD NEGERI PASIRKALIKI MANDIRI 2 CIMAHI
08 - 25 M Gaya Kupu-Kupu Fins KU B. C. D Putri,03,1,ALISHA KHANZA ZAFIRA AFFANDI,HAPPY SWIMMING CLUB
08 - 25 M Gaya Kupu-Kupu Fins KU B. C. D Putri,03,2,AZIFAH MUAZARA MAULANA,TIRTA ADIPURA SWIMMING SCHOOL
08 - 25 M Gaya Kupu-Kupu Fins KU B. C. D Putri,03,3,BINTANG ELORA SEMBIRING,SDK BPK PENABUR CIMAHI
08 - 25 M Gaya Kupu-Kupu Fins KU B. C. D Putri,03,4,AZKAYRA MALIKHA SHANUM,SDN SUKANAGARA 02
08 - 25 M Gaya Kupu-Kupu Fins KU B. C. D Putri,03,5,ALMIRA SHAFARINA ZAFIRA,SDN BARUJATI
08 - 25 M Gaya Kupu-Kupu Fins KU B. C. D Putri,03,6,ALEXANDRA KYORA MALIKA SUBAGYO,N112 SWIMMING CLUB
08 - 25 M Gaya Kupu-Kupu Fins KU B. C. D Putri,04,1,HUMAIRA MUTIARA PUTRI,IN-HU SWIMMING CLUB
08 - 25 M Gaya Kupu-Kupu Fins KU B. C. D Putri,04,2,KEI RANYA MAKAILA,N112 SWIMMING CLUB
08 - 25 M Gaya Kupu-Kupu Fins KU B. C. D Putri,04,3,RAHEEL AFIEF BAASIR,ANTARKTIKA
08 - 25 M Gaya Kupu-Kupu Fins KU B. C. D Putri,04,4,MIKAYLA SITINOURAH SHALDIN,HAPPY SWIMMING CLUB
08 - 25 M Gaya Kupu-Kupu Fins KU B. C. D Putri,04,5,KAYSHA AULADI NAILA,N112 SWIMMING CLUB
08 - 25 M Gaya Kupu-Kupu Fins KU B. C. D Putri,04,6,GRACE ALYCIA NATHANIA SAHELATUA,SDN 150 GATOT SUBROTO
08 - 25 M Gaya Kupu-Kupu Fins KU B. C. D Putri,05,1,SHANUM SABHIRA JAELANI,TKI SWIMMING COURSE
08 - 25 M Gaya Kupu-Kupu Fins KU B. C. D Putri,05,2,ADIFA ASHALINA NURFAUZIAH,MASCOT SWIMMING CLUB
08 - 25 M Gaya Kupu-Kupu Fins KU B. C. D Putri,05,3,ARSYILLA PUTRI SANTOSA,N112 SWIMMING CLUB
08 - 25 M Gaya Kupu-Kupu Fins KU B. C. D Putri,05,4,ALMEERA KHANZA FADILAH,SN BURUYNGOJAY
08 - 25 M Gaya Kupu-Kupu Fins KU B. C. D Putri,05,5,TIFFANY MIKAYLA,N112 SWIMMING CLUB
08 - 25 M Gaya Kupu-Kupu Fins KU B. C. D Putri,05,6,SHAEHETTE ALESHA ATHAYA,TIRTA ADIPURA SWIMMING SCHOOL
08 - 25 M Gaya Kupu-Kupu Fins KU B. C. D Putri,06,1,AURORA RIZKI AWALIYAH,REX SPORT CLUB
08 - 25 M Gaya Kupu-Kupu Fins KU B. C. D Putri,06,2,CLAIRINE AVIGAIL PERMADI,HAPPY SWIMMING CLUB
08 - 25 M Gaya Kupu-Kupu Fins KU B. C. D Putri,06,3,GARASHYA PUTRI GAVA WILLYARTO,SDIT BINTANG ISLAM
08 - 25 M Gaya Kupu-Kupu Fins KU B. C. D Putri,06,4,FAZIA ALESHA ZAIN,HAPPY SWIMMING CLUB
08 - 25 M Gaya Kupu-Kupu Fins KU B. C. D Putri,06,5,AZEEMA ZAINA FALIHAH,ANTARKTIKA
08 - 25 M Gaya Kupu-Kupu Fins KU B. C. D Putri,06,6,ASHILLA QATRUNADA ALFATHUNISA,MASCOT SWIMMING CLUB
08 - 25 M Gaya Kupu-Kupu Fins KU B. C. D Putri,07,1,KHAYRA AZALEA GHASSANI,HN SWIMMING COURSE
08 - 25 M Gaya Kupu-Kupu Fins KU B. C. D Putri,07,2,NADHIFA AISYAH AL-KHOIRI,SN BURUYNGOJAY
08 - 25 M Gaya Kupu-Kupu Fins KU B. C. D Putri,07,3,SARAH SALSABILA RIZKIA,TIRTA ADIPURA SWIMMING SCHOOL
08 - 25 M Gaya Kupu-Kupu Fins KU B. C. D Putri,07,4,QUINAYA LASHIRA AYANASADYA,N112 SWIMMING CLUB
08 - 25 M Gaya Kupu-Kupu Fins KU B. C. D Putri,07,5,MEISYA NUR RAMADHANI,MASCOT SWIMMING CLUB
08 - 25 M Gaya Kupu-Kupu Fins KU B. C. D Putri,07,6,GISELE VICTORIA SETIAWAN,TKI SWIMMING COURSE
08 - 25 M Gaya Kupu-Kupu Fins KU B. C. D Putri,08,1,AZKIYA DIYANA RASPATI,HN SWIMMING COURSE
08 - 25 M Gaya Kupu-Kupu Fins KU B. C. D Putri,08,2,KHANZA AZKADINA SM,HN SWIMMING COURSE
08 - 25 M Gaya Kupu-Kupu Fins KU B. C. D Putri,08,3,ARETHA KIREI SYAHIRA,HN SWIMMING COURSE
08 - 25 M Gaya Kupu-Kupu Fins KU B. C. D Putri,08,4,ZEVANNA JASMINE ZAVIERRA,IN-HU SWIMMING CLUB
08 - 25 M Gaya Kupu-Kupu Fins KU B. C. D Putri,08,5,GIVA ANAMI ANANDATRI,IN-HU SWIMMING CLUB
08 - 25 M Gaya Kupu-Kupu Fins KU B. C. D Putri,08,6,SHAKILA NATHANIA LESTARI,SN BURUYNGOJAY
09 - 25 M Gaya Bebas Fins KU A. B. C. D Putra,01,1,BARIQ ARKANA PURWADI,N112 SWIMMING CLUB
09 - 25 M Gaya Bebas Fins KU A. B. C. D Putra,01,2,ARTHUR EDRIC LIU,N112 SWIMMING CLUB
09 - 25 M Gaya Bebas Fins KU A. B. C. D Putra,01,3,DEVEN ELEAZAR,TKI SWIMMING COURSE
09 - 25 M Gaya Bebas Fins KU A. B. C. D Putra,01,4,ARZANKA ARSENIO IRAWAN,ZAG SWIMMING SCHOOL
09 - 25 M Gaya Bebas Fins KU A. B. C. D Putra,02,1,GANENDRA ASAGI ARDIANSYAH,N112 SWIMMING CLUB
09 - 25 M Gaya Bebas Fins KU A. B. C. D Putra,02,2,JALU AIDAN AMANSA,N112 SWIMMING CLUB
09 - 25 M Gaya Bebas Fins KU A. B. C. D Putra,02,3,KIANDRA RAIZAN BANGSA HAIL,EAGLES SWIMMING COURSE
09 - 25 M Gaya Bebas Fins KU A. B. C. D Putra,02,4,KEEFANDRA ZAVIER ALTEZZA MAHESSA,DOLPHIN CHERRY FIELD
09 - 25 M Gaya Bebas Fins KU A. B. C. D Putra,02,5,GHAZZAMTA ELFATAR FAOZILHAQ,N112 SWIMMING CLUB
09 - 25 M Gaya Bebas Fins KU A. B. C. D Putra,02,6,DIMITRI LAZUARDI AGHNA MUCHTAR,TIRTA ADIPURA SWIMMING SCHOOL
09 - 25 M Gaya Bebas Fins KU A. B. C. D Putra,03,1,MUHAMMAD ABBAS ROHIMAT,N112 SWIMMING CLUB
09 - 25 M Gaya Bebas Fins KU A. B. C. D Putra,03,2,MUHAMMAD DZAKIR HABIBILLAH,HAPPY SWIMMING CLUB
09 - 25 M Gaya Bebas Fins KU A. B. C. D Putra,03,3,MUHAMMAD ZAYD RAZIQ ASSHAUQI,TETRA SWIMMING COURSE
09 - 25 M Gaya Bebas Fins KU A. B. C. D Putra,03,4,MUHAMMAD NABIL FEBRIANSYAH,N112 SWIMMING CLUB
09 - 25 M Gaya Bebas Fins KU A. B. C. D Putra,03,5,MUHAMMAD DZAKIANDRA MAHAWIRA PRABOWO,TK AL AZHAR 30 BANDUNG/KIDUCK SWIMMING CLUB
09 - 25 M Gaya Bebas Fins KU A. B. C. D Putra,03,6,MAVENDRA BENEDICTUS,N112 SWIMMING CLUB
09 - 25 M Gaya Bebas Fins KU A. B. C. D Putra,04,1,NATHAN GOMGOM SIMBOLON,WATER SPEED AC
09 - 25 M Gaya Bebas Fins KU A. B. C. D Putra,04,2,REZQIANO ALVIERO RASYAFA PRATAMA,TK SANDHY PUTRA
09 - 25 M Gaya Bebas Fins KU A. B. C. D Putra,04,3,AHMAD MUZAFFAR HARIYANTO,DOLPHIN CHERRY FIELD
09 - 25 M Gaya Bebas Fins KU A. B. C. D Putra,04,4,TIMOTHY LEANDER CHAHYADI,N112 SWIMMING CLUB
09 - 25 M Gaya Bebas Fins KU A. B. C. D Putra,04,5,RAFFAZA ARZAN ALREDO,HAPPY SWIMMING CLUB
09 - 25 M Gaya Bebas Fins KU A. B. C. D Putra,04,6,NAQEEB QOWY AZZAKY,DA SWIMMING CLUB
09 - 25 M Gaya Bebas Fins KU A. B. C. D Putra,05,1,ARKHA MUHAMMAD RAFASSYA,ZAG SWIMMING SCHOOL
09 - 25 M Gaya Bebas Fins KU A. B. C. D Putra,05,2,ARTHUR CAVERO TANDOWIJAYA,N112 SWIMMING CLUB
09 - 25 M Gaya Bebas Fins KU A. B. C. D Putra,05,3,BERYL ALVA ANTONIO OEY,N112 SWIMMING CLUB
09 - 25 M Gaya Bebas Fins KU A. B. C. D Putra,05,4,ATHARRAZKA FAUZAN HAQ,MASCOT SWIMMING CLUB
09 - 25 M Gaya Bebas Fins KU A. B. C. D Putra,05,5,ARSYAH RASYID ZAIN,HAPPY SWIMMING CLUB
09 - 25 M Gaya Bebas Fins KU A. B. C. D Putra,05,6,AIDAN ZABRAN AL-MA’ARIJ,TIRTA ADIPURA SWIMMING SCHOOL
09 - 25 M Gaya Bebas Fins KU A. B. C. D Putra,06,1,DELARD BERYL SYAH,TKI SWIMMING COURSE
09 - 25 M Gaya Bebas Fins KU A. B. C. D Putra,06,2,DWITYA RAYI MUHARRAM,N112 SWIMMING CLUB
09 - 25 M Gaya Bebas Fins KU A. B. C. D Putra,06,3,FATTAH AHSAN MUZAFFAR,N112 SWIMMING CLUB
09 - 25 M Gaya Bebas Fins KU A. B. C. D Putra,06,4,ELVANO ARIZKI PURNAMA,PUTRA INTAN SWIMMING
09 - 25 M Gaya Bebas Fins KU A. B. C. D Putra,06,5,DIRGA AZIZUL TOPAN,MASCOT SWIMMING CLUB
09 - 25 M Gaya Bebas Fins KU A. B. C. D Putra,06,6,CAYDEN MICHE LANGELO,ANTARKTIKA
09 - 25 M Gaya Bebas Fins KU A. B. C. D Putra,07,1,GEVARIEL JOEVIN SUSANTO,HAPPY SWIMMING CLUB
09 - 25 M Gaya Bebas Fins KU A. B. C. D Putra,07,2,KEENAN ABIMANYU AI FATIH,HAPPY SWIMMING CLUB
09 - 25 M Gaya Bebas Fins KU A. B. C. D Putra,07,3,MADAWA PUTRA HERDIANSYAH,ZAG SWIMMING SCHOOL
09 - 25 M Gaya Bebas Fins KU A. B. C. D Putra,07,4,M RAIHAN ALFATIH,N112 SWIMMING CLUB
09 - 25 M Gaya Bebas Fins KU A. B. C. D Putra,07,5,HAZEL ALDIZAR SETIAPUTRA,SAMPOERNA SWIMMING CLUB
09 - 25 M Gaya Bebas Fins KU A. B. C. D Putra,07,6,GABRIEL JUSTIN NATHANAEL ISKANDAR,TKI SWIMMING COURSE
09 - 25 M Gaya Bebas Fins KU A. B. C. D Putra,08,1,MUHAMAD FAISAL ANWAR,DA SWIMMING CLUB
09 - 25 M Gaya Bebas Fins KU A. B. C. D Putra,08,2,MUHAMMAD DHISA ASYRAF AL AUDAH,RIKO SWIMMING CLUB
09 - 25 M Gaya Bebas Fins KU A. B. C. D Putra,08,3,MUHAMMAD RAYYAN FIRDAUS,MASCOT SWIMMING CLUB
09 - 25 M Gaya Bebas Fins KU A. B. C. D Putra,08,4,MUHAMMAD LUTHFI SAEFULLOH,DA SWIMMING CLUB
09 - 25 M Gaya Bebas Fins KU A. B. C. D Putra,08,5,MUHAMMAD ARSYANENDRA ARKANA,N112 SWIMMING CLUB
09 - 25 M Gaya Bebas Fins KU A. B. C. D Putra,08,6,MUHAMAD ELZAR SANDIAGA SAPUTRA,TETRA SWIMMING COURSE
09 - 25 M Gaya Bebas Fins KU A. B. C. D Putra,09,1,NARESH ARSHAQA RAUSYANFIKR,N112 SWIMMING CLUB
09 - 25 M Gaya Bebas Fins KU A. B. C. D Putra,09,2,RAFARDAN DWINATA PUTRA,ANTARKTIKA
09 - 25 M Gaya Bebas Fins KU A. B. C. D Putra,09,3,RIZKY BA'ASYR FEBRIYANTO,SN BURUYNGOJAY
09 - 25 M Gaya Bebas Fins KU A. B. C. D Putra,09,4,REZVAN MAULANA ADLI,SUPER SWIMMING SCHOOL
09 - 25 M Gaya Bebas Fins KU A. B. C. D Putra,09,5,R. KENZO G. MARTIAGO,N112 SWIMMING CLUB
09 - 25 M Gaya Bebas Fins KU A. B. C. D Putra,09,6,NAFIS ALI HIDAYAT,DA SWIMMING CLUB
09 - 25 M Gaya Bebas Fins KU A. B. C. D Putra,10,1,SALMAN ZEINA KURSINA,DA SWIMMING CLUB
09 - 25 M Gaya Bebas Fins KU A. B. C. D Putra,10,2,SHAKEIL AZKA AL BARRA,MASCOT SWIMMING CLUB
09 - 25 M Gaya Bebas Fins KU A. B. C. D Putra,10,3,ABIZARD SYAHRIL MUAZZAM,MASCOT SWIMMING CLUB
09 - 25 M Gaya Bebas Fins KU A. B. C. D Putra,10,4,TOBIAS JUNJUNGAN,N112 SWIMMING CLUB
09 - 25 M Gaya Bebas Fins KU A. B. C. D Putra,10,5,SENA PUTRA NUGRAHA,DA SWIMMING CLUB
09 - 25 M Gaya Bebas Fins KU A. B. C. D Putra,10,6,RYOICHI EVANO TJAHYADI,N112 SWIMMING CLUB
09 - 25 M Gaya Bebas Fins KU A. B. C. D Putra,11,1,ARFATHAN ARYAN SHAKIEL,MASCOT SWIMMING CLUB
09 - 25 M Gaya Bebas Fins KU A. B. C. D Putra,11,2,CIKAL AIJAZ AMANSA,HAPPY SWIMMING CLUB
09 - 25 M Gaya Bebas Fins KU A. B. C. D Putra,11,3,DIRGA ALMALIK PUTRA TANAYA,EAGLES SWIMMING COURSE
09 - 25 M Gaya Bebas Fins KU A. B. C. D Putra,11,4,DAMARIO AL JARAS,DA SWIMMING CLUB
09 - 25 M Gaya Bebas Fins KU A. B. C. D Putra,11,5,BIRENDRA FARZHAN HARYANTO,MASCOT SWIMMING CLUB
09 - 25 M Gaya Bebas Fins KU A. B. C. D Putra,11,6,AKMAL NAFIS FAUZAN,TKI SWIMMING COURSE
09 - 25 M Gaya Bebas Fins KU A. B. C. D Putra,12,1,EINAR AQEEL PURNAMA,PUTRA INTAN SWIMMING
09 - 25 M Gaya Bebas Fins KU A. B. C. D Putra,12,2,FASHA ALFAT SUPRIATNA,REX SPORT CLUB
09 - 25 M Gaya Bebas Fins KU A. B. C. D Putra,12,3,GALEN EDWARD HAGAN,EAGLES SWIMMING COURSE
09 - 25 M Gaya Bebas Fins KU A. B. C. D Putra,12,4,FATIH ARKAN ALFARIZI,TIRTA ADIPURA SWIMMING SCHOOL
09 - 25 M Gaya Bebas Fins KU A. B. C. D Putra,12,5,FAHDEANDRA ABIZAR DWIYATAMA,N112 SWIMMING CLUB
09 - 25 M Gaya Bebas Fins KU A. B. C. D Putra,12,6,DWAYNE WARREN HARYANTO,N112 SWIMMING CLUB
09 - 25 M Gaya Bebas Fins KU A. B. C. D Putra,13,1,KENZO ABRISHAM ANSHARI,TKI SWIMMING COURSE
09 - 25 M Gaya Bebas Fins KU A. B. C. D Putra,13,2,M HAMIZ DAMANIK,DOLPHIN CHERRY FIELD
09 - 25 M Gaya Bebas Fins KU A. B. C. D Putra,13,3,MUHAMMAD AHKAM AHLI SAWARGA,SWIMMING ACADEMY CENTER GARUT
09 - 25 M Gaya Bebas Fins KU A. B. C. D Putra,13,4,MACCA ALLI VIANDO,N112 SWIMMING CLUB
09 - 25 M Gaya Bebas Fins KU A. B. C. D Putra,13,5,KHALID FADHIL BALADRAF,TETRA SWIMMING COURSE
09 - 25 M Gaya Bebas Fins KU A. B. C. D Putra,13,6,GILBERT GIOVAN MANALU,PUTRA INTAN SWIMMING
09 - 25 M Gaya Bebas Fins KU A. B. C. D Putra,14,1,MUHAMMAD AULIAN MAHASIN,MAULANA AQUATIC
09 - 25 M Gaya Bebas Fins KU A. B. C. D Putra,14,2,NAVYANDRA KHALIF PRAWIRA,PUTRA INTAN SWIMMING
09 - 25 M Gaya Bebas Fins KU A. B. C. D Putra,14,3,RAFAIZAN KAMAEL FIRDAUS,SN BURUYNGOJAY
09 - 25 M Gaya Bebas Fins KU A. B. C. D Putra,14,4,NEYMAR DAMARA,MASCOT SWIMMING CLUB
09 - 25 M Gaya Bebas Fins KU A. B. C. D Putra,14,5,MUHAMMAD AZKA DERMAWANSYAH,BLUE OCEAN AQUATIC CLUB
09 - 25 M Gaya Bebas Fins KU A. B. C. D Putra,14,6,MUHAMMAD ARSAKA AQLAN PRATAMA,MASCOT SWIMMING CLUB
09 - 25 M Gaya Bebas Fins KU A. B. C. D Putra,15,1,RIFFAT MIFZAL FAISHA,N112 SWIMMING CLUB
09 - 25 M Gaya Bebas Fins KU A. B. C. D Putra,15,2,SHAKEL DEFRAN ABQORY,TKI SWIMMING COURSE
09 - 25 M Gaya Bebas Fins KU A. B. C. D Putra,15,3,TZURIEL BERNARDINO ARKIANDRA,N112 SWIMMING CLUB
09 - 25 M Gaya Bebas Fins KU A. B. C. D Putra,15,4,THOR ARSENIO,DOLPHIN CHERRY FIELD
09 - 25 M Gaya Bebas Fins KU A. B. C. D Putra,15,5,SAHL AFIEF BAASIR,ANTARKTIKA
09 - 25 M Gaya Bebas Fins KU A. B. C. D Putra,15,6,REINHART HARLEY TANUWIJAYA,TKI SWIMMING COURSE
09 - 25 M Gaya Bebas Fins KU A. B. C. D Putra,16,1,ZEYHAN ALTHAF GHIFARI,ZAG SWIMMING SCHOOL
09 - 25 M Gaya Bebas Fins KU A. B. C. D Putra,16,2,AGAH KURNIA DININGRAT,TKI SWIMMING COURSE
09 - 25 M Gaya Bebas Fins KU A. B. C. D Putra,16,3,AKAZIA ADICIPTA PRAWIRA,SN BURUYNGOJAY
09 - 25 M Gaya Bebas Fins KU A. B. C. D Putra,16,4,AHMAD SYAFIQ AZYAN AL FATIH,N112 SWIMMING CLUB
09 - 25 M Gaya Bebas Fins KU A. B. C. D Putra,16,5,A SYARKAN ADNAN AL MUBAROK,ZAG SWIMMING SCHOOL
09 - 25 M Gaya Bebas Fins KU A. B. C. D Putra,16,6,ZAYN HAMIZAN KHASANI,TKI SWIMMING COURSE
09 - 25 M Gaya Bebas Fins KU A. B. C. D Putra,17,1,ARKAN DZAKIANDRA NARATAMA,TKI SWIMMING COURSE
09 - 25 M Gaya Bebas Fins KU A. B. C. D Putra,17,2,ARSHAKEELA MALVIN DIRGA P,SDN SUKANAGARA 02
09 - 25 M Gaya Bebas Fins KU A. B. C. D Putra,17,3,CERDIKA AKSARA ABHIMATA,SUPER SWIMMING SCHOOL
09 - 25 M Gaya Bebas Fins KU A. B. C. D Putra,17,4,ARVIN MUHAMMAD RASYAD,N112 SWIMMING CLUB
09 - 25 M Gaya Bebas Fins KU A. B. C. D Putra,17,5,ARSAKHA KHALEEV ZHAFRAN ELFATIH,PUTRA INTAN SWIMMING
09 - 25 M Gaya Bebas Fins KU A. B. C. D Putra,17,6,ARFAN KHIAR PRADIPTA,PUTRA INTAN SWIMMING
09 - 25 M Gaya Bebas Fins KU A. B. C. D Putra,18,1,DEMETRIUS ARCHEL LUMBANGAOL,MASCOT SWIMMING CLUB
09 - 25 M Gaya Bebas Fins KU A. B. C. D Putra,18,2,EL RAFIF PRASEPTIAN ABADI,SN BURUYNGOJAY
09 - 25 M Gaya Bebas Fins KU A. B. C. D Putra,18,3,FASYA SRN AMIR,ANTARKTIKA
09 - 25 M Gaya Bebas Fins KU A. B. C. D Putra,18,4,ELROND FELICIO SHUAN ELLENDRA,TKI SWIMMING COURSE
09 - 25 M Gaya Bebas Fins KU A. B. C. D Putra,18,5,EDBERT FELICIO SOEMARLI,ANTARKTIKA
09 - 25 M Gaya Bebas Fins KU A. B. C. D Putra,18,6,DAVANO ALDIZAR REYASA YUNDRA,N112 SWIMMING CLUB
09 - 25 M Gaya Bebas Fins KU A. B. C. D Putra,19,1,FEBRI PURNAMA,ZAG SWIMMING SCHOOL
09 - 25 M Gaya Bebas Fins KU A. B. C. D Putra,19,2,IKHSAN CAHYA RAJENDRA,N112 SWIMMING CLUB
09 - 25 M Gaya Bebas Fins KU A. B. C. D Putra,19,3,KEANU EL SHARAWY,SN BURUYNGOJAY
09 - 25 M Gaya Bebas Fins KU A. B. C. D Putra,19,4,JASON SKY KAMAL,DOLPHIN CHERRY FIELD
09 - 25 M Gaya Bebas Fins KU A. B. C. D Putra,19,5,GAVRIELL CHRISTOPHER,N112 SWIMMING CLUB
09 - 25 M Gaya Bebas Fins KU A. B. C. D Putra,19,6,FATHIAN ABIZARD ARTANABIL,ZAG SWIMMING SCHOOL
09 - 25 M Gaya Bebas Fins KU A. B. C. D Putra,20,1,KENZIE HAFIDZ RIVANDRA,MASCOT SWIMMING CLUB
09 - 25 M Gaya Bebas Fins KU A. B. C. D Putra,20,2,LAURENTIUS CLIFFTON RYU WIGUNA,N112 SWIMMING CLUB
09 - 25 M Gaya Bebas Fins KU A. B. C. D Putra,20,3,MACERIO EUDOR MADYANTORO,SWIMPLAY
09 - 25 M Gaya Bebas Fins KU A. B. C. D Putra,20,4,M. ADRIAN PRADIPTA AMZARI,MASCOT SWIMMING CLUB
09 - 25 M Gaya Bebas Fins KU A. B. C. D Putra,20,5,KHANDRA ZAVAIR ALFAREZA,DA SWIMMING CLUB
09 - 25 M Gaya Bebas Fins KU A. B. C. D Putra,20,6,KENJI FUMIO PRANATA,PUTRA INTAN SWIMMING
09 - 25 M Gaya Bebas Fins KU A. B. C. D Putra,21,1,MIKHAIL ADMIRAL ARASYKA DAY,ANTARKTIKA
09 - 25 M Gaya Bebas Fins KU A. B. C. D Putra,21,2,MUHAMMAD AZLAN RAFIF,MASCOT SWIMMING CLUB
09 - 25 M Gaya Bebas Fins KU A. B. C. D Putra,21,3,MUHAMMAD GIBRAN RABBANI,YOURSWIMM
09 - 25 M Gaya Bebas Fins KU A. B. C. D Putra,21,4,MUHAMMAD FATIH YAZID,RIKO SWIMMING CLUB
09 - 25 M Gaya Bebas Fins KU A. B. C. D Putra,21,5,MUHAMMAD AKMAL ARSHAQ,BLUE OCEAN AQUATIC CLUB
09 - 25 M Gaya Bebas Fins KU A. B. C. D Putra,21,6,MAHASURA NAREL ANSARI,N112 SWIMMING CLUB
09 - 25 M Gaya Bebas Fins KU A. B. C. D Putra,22,1,MUHAMMAD ZIDAN ALFATH,RAJAWALI SC
09 - 25 M Gaya Bebas Fins KU A. B. C. D Putra,22,2,OWEN ELSON SURYANA,N112 SWIMMING CLUB
09 - 25 M Gaya Bebas Fins KU A. B. C. D Putra,22,3,RASENDRIA YOICHI SUHARTONO,HAPPY SWIMMING CLUB
09 - 25 M Gaya Bebas Fins KU A. B. C. D Putra,22,4,RAJA RAFLI ENNGRAYADI,FAMILY SC
09 - 25 M Gaya Bebas Fins KU A. B. C. D Putra,22,5,NAUFAL ADHYASTHA ARYASATYA,DA SWIMMING CLUB
09 - 25 M Gaya Bebas Fins KU A. B. C. D Putra,22,6,MUHAMMAD RAKEYAN FATIH,PUTRA INTAN SWIMMING
09 - 25 M Gaya Bebas Fins KU A. B. C. D Putra,23,1,RAZQA MAULANA BRATAWIJAYA,MASCOT SWIMMING CLUB
09 - 25 M Gaya Bebas Fins KU A. B. C. D Putra,23,2,SHALOM IVANDER SINAGA,MASCOT SWIMMING CLUB
09 - 25 M Gaya Bebas Fins KU A. B. C. D Putra,23,3,GARFIELD MARVEL PUSPIWARA,RIKO SWIMMING CLUB
09 - 25 M Gaya Bebas Fins KU A. B. C. D Putra,23,4,UMAR SAKHA SAPUTRO,TKI SWIMMING COURSE
09 - 25 M Gaya Bebas Fins KU A. B. C. D Putra,23,5,SANPETRA RAYA SEMBIRING,SDK BPK PENABUR CIMAHI
09 - 25 M Gaya Bebas Fins KU A. B. C. D Putra,23,6,RAYYANKA ALWI PRADIPTA ALKHALIFI,ANTARKTIKA
09 - 25 M Gaya Bebas Fins KU A. B. C. D Putra,24,1,MUHAMMAD HAQQI ALFATIH,RIKO SWIMMING CLUB
09 - 25 M Gaya Bebas Fins KU A. B. C. D Putra,24,2,KHAFI EL AZZAM NUGRAHA,IN-HU SWIMMING CLUB
09 - 25 M Gaya Bebas Fins KU A. B. C. D Putra,24,3,GIBRAN RAFFASYA MAHARDIKA,RIKO SWIMMING CLUB
09 - 25 M Gaya Bebas Fins KU A. B. C. D Putra,24,4,AQMAR ZHAFRAN MULYA,HN SWIMMING COURSE
09 - 25 M Gaya Bebas Fins KU A. B. C. D Putra,24,5,KEENAN SHAQUILLE BEYAMIN AL BUKHARY,SAMPOERNA SWIMMING CLUB
09 - 25 M Gaya Bebas Fins KU A. B. C. D Putra,24,6,AIDAN AHSAN ARSALAN,RIKO SWIMMING CLUB
10 - 25 M Gaya Bebas Fins KU A. B. C. D Putri,01,1,TATJANA SHAQEENA NAZHALA AULIA,N112 SWIMMING CLUB
10 - 25 M Gaya Bebas Fins KU A. B. C. D Putri,01,2,ADZKIYA AFTANI SUMARDI,BARRA SWIMMING CLUB
10 - 25 M Gaya Bebas Fins KU A. B. C. D Putri,01,3,TAZKIA MUFIDATUL ILMI,N112 SWIMMING CLUB
10 - 25 M Gaya Bebas Fins KU A. B. C. D Putri,02,1,ARSHANAYA ZAINA AL-MAIDA,TIRTA ADIPURA SWIMMING SCHOOL
10 - 25 M Gaya Bebas Fins KU A. B. C. D Putri,02,2,AYRA MONERA DALARISA SENTOSA,ZAG SWIMMING SCHOOL
10 - 25 M Gaya Bebas Fins KU A. B. C. D Putri,02,3,AZZALEA LANIKA PUTRI PERMANA,CLUBSUNSPORTBDG
10 - 25 M Gaya Bebas Fins KU A. B. C. D Putri,02,4,AZALE KANAYA GHANISA,TIRTA ADIPURA SWIMMING SCHOOL
10 - 25 M Gaya Bebas Fins KU A. B. C. D Putri,02,5,ARUNI KAMILA SYAHIDA AR,FANTASTIC SWIMMING
10 - 25 M Gaya Bebas Fins KU A. B. C. D Putri,02,6,ANINDIRA ALISHKA NUR SYAHIRA,N112 SWIMMING CLUB
10 - 25 M Gaya Bebas Fins KU A. B. C. D Putri,03,1,FATHIYA ANINDIRA ARETANABILA,ZAG SWIMMING SCHOOL
10 - 25 M Gaya Bebas Fins KU A. B. C. D Putri,03,2,FINNA LOVANDRA SITORUS,TKI SWIMMING COURSE
10 - 25 M Gaya Bebas Fins KU A. B. C. D Putri,03,3,NAFEEZA QUINNA SHAZFA,MASCOT SWIMMING CLUB
10 - 25 M Gaya Bebas Fins KU A. B. C. D Putri,03,4,LASHIRA PUSPITASARI RENGGANIS,EAGLES SWIMMING COURSE
10 - 25 M Gaya Bebas Fins KU A. B. C. D Putri,03,5,FATHIYA SHAKA KIRANA,TIRTA ADIPURA SWIMMING SCHOOL
10 - 25 M Gaya Bebas Fins KU A. B. C. D Putri,03,6,DWIAYU PUTRI WULANDARI,TETRA SWIMMING COURSE
10 - 25 M Gaya Bebas Fins KU A. B. C. D Putri,04,1,SHAZIA ABIRA MAHREEN,FAMILY SC
10 - 25 M Gaya Bebas Fins KU A. B. C. D Putri,04,2,ZHARIFA FAKHIRA MAULIDA,N112 SWIMMING CLUB
10 - 25 M Gaya Bebas Fins KU A. B. C. D Putri,04,3,AIZA YUMNA HUMAIRA,FAMILY SC
10 - 25 M Gaya Bebas Fins KU A. B. C. D Putri,04,4,AISYAH ALFHATUNNISA ANDINI,DA SWIMMING CLUB
10 - 25 M Gaya Bebas Fins KU A. B. C. D Putri,04,5,YASMIN AQHAILA BILQIS,ZAG SWIMMING SCHOOL
10 - 25 M Gaya Bebas Fins KU A. B. C. D Putri,04,6,SHABIRA NAURA PRATAMA,SWIMPLAY
10 - 25 M Gaya Bebas Fins KU A. B. C. D Putri,05,1,ALMAHIRA KIANA AZKADINA,N112 SWIMMING CLUB
10 - 25 M Gaya Bebas Fins KU A. B. C. D Putri,05,2,AYESHA MALIKA ATMAJA,TKI SWIMMING COURSE
10 - 25 M Gaya Bebas Fins KU A. B. C. D Putri,05,3,CLARY SHERAFINA ZEVA HIDAYAT,N112 SWIMMING CLUB
10 - 25 M Gaya Bebas Fins KU A. B. C. D Putri,05,4,CLAIRE NASYA,TKI SWIMMING COURSE
10 - 25 M Gaya Bebas Fins KU A. B. C. D Putri,05,5,ATHALETA ALMEERA NUR LUKMAN,DA SWIMMING CLUB
10 - 25 M Gaya Bebas Fins KU A. B. C. D Putri,05,6,ALE ALMAHIRA,N112 SWIMMING CLUB
10 - 25 M Gaya Bebas Fins KU A. B. C. D Putri,06,1,GRACELYNN ANELLA MAELIE,N112 SWIMMING CLUB
10 - 25 M Gaya Bebas Fins KU A. B. C. D Putri,06,2,ISAURA ZAKIYA KIMORA ADIWILAGA,ANTARKTIKA
10 - 25 M Gaya Bebas Fins KU A. B. C. D Putri,06,3,KALLEA ZARMINA ATTRESHINA,SN BURUYNGOJAY
10 - 25 M Gaya Bebas Fins KU A. B. C. D Putri,06,4,JOSIE FIEVEL THEN,PASIFIC SWIMMING CLUB
10 - 25 M Gaya Bebas Fins KU A. B. C. D Putri,06,5,HAWA ASHADIYA SETIA KIRANI,SN BURUYNGOJAY
10 - 25 M Gaya Bebas Fins KU A. B. C. D Putri,06,6,DAISHABA ALMAHYRA JENNAHANDINIE,N112 SWIMMING CLUB
10 - 25 M Gaya Bebas Fins KU A. B. C. D Putri,07,1,MAISARA MARZIA QARIAH,SD NEGERI PASIRKALIKI MANDIRI 2 CIMAHI
10 - 25 M Gaya Bebas Fins KU A. B. C. D Putri,07,2,RALLINE QUEENSHA TAMA,DA SWIMMING CLUB
10 - 25 M Gaya Bebas Fins KU A. B. C. D Putri,07,3,SHAILENE ARINKA LIANNISA,EAGLES SWIMMING COURSE
10 - 25 M Gaya Bebas Fins KU A. B. C. D Putri,07,4,SENJA ANJANI PUTRI,N112 SWIMMING CLUB
10 - 25 M Gaya Bebas Fins KU A. B. C. D Putri,07,5,NAYLA QALESYA BANUN NASUTION,SWIMPLAY
10 - 25 M Gaya Bebas Fins KU A. B. C. D Putri,07,6,KHAIRA SUCI ASY-SYIFA,FAMILY SC
10 - 25 M Gaya Bebas Fins KU A. B. C. D Putri,08,1,AFNAN FATHIYATU RAHMA,SD HIKMAH TELADAN
10 - 25 M Gaya Bebas Fins KU A. B. C. D Putri,08,2,AIZA HASNA KAMILA,ANTARKTIKA
10 - 25 M Gaya Bebas Fins KU A. B. C. D Putri,08,3,ALEXANDRA KYORA MALIKA SUBAGYO,N112 SWIMMING CLUB
10 - 25 M Gaya Bebas Fins KU A. B. C. D Putri,08,4,ALESHA SYIFA KAYYISA SOLEHAH,HAPPY SWIMMING CLUB
10 - 25 M Gaya Bebas Fins KU A. B. C. D Putri,08,5,AINADHIYA SABILA RUSDIANA,TKI SWIMMING COURSE
10 - 25 M Gaya Bebas Fins KU A. B. C. D Putri,08,6,ZEA FAHIRA,DA SWIMMING CLUB
10 - 25 M Gaya Bebas Fins KU A. B. C. D Putri,09,1,ALISHA KHANZA ZAFIRA AFFANDI,HAPPY SWIMMING CLUB
10 - 25 M Gaya Bebas Fins KU A. B. C. D Putri,09,2,ARIANA ANNAYA AURADIPTYA,N112 SWIMMING CLUB
10 - 25 M Gaya Bebas Fins KU A. B. C. D Putri,09,3,ARSYILA MUTIARA MARTHA,MASCOT SWIMMING CLUB
10 - 25 M Gaya Bebas Fins KU A. B. C. D Putri,09,4,ARSHEENA PUTRI AURORA ABDULLAH,TKI SWIMMING COURSE
10 - 25 M Gaya Bebas Fins KU A. B. C. D Putri,09,5,ALVERTA QIANDRA ARIZFANI,N112 SWIMMING CLUB
10 - 25 M Gaya Bebas Fins KU A. B. C. D Putri,09,6,ALIFA SHAKILA RAMDANI,MASCOT SWIMMING CLUB
10 - 25 M Gaya Bebas Fins KU A. B. C. D Putri,10,1,AZIFAH MUAZARA MAULANA,TIRTA ADIPURA SWIMMING SCHOOL
10 - 25 M Gaya Bebas Fins KU A. B. C. D Putri,10,2,BINTANG ELORA SEMBIRING,SDK BPK PENABUR CIMAHI
10 - 25 M Gaya Bebas Fins KU A. B. C. D Putri,10,3,GRACE ALYCIA NATHANIA SAHELATUA,SDN 150 GATOT SUBROTO
10 - 25 M Gaya Bebas Fins KU A. B. C. D Putri,10,4,ELLEN CICILIA TJAHJADI,N112 SWIMMING CLUB
10 - 25 M Gaya Bebas Fins KU A. B. C. D Putri,10,5,BINAR CANTIKNYA FARZANA SUTIRISNO,MASCOT SWIMMING CLUB
10 - 25 M Gaya Bebas Fins KU A. B. C. D Putri,10,6,ARSYLA NAYYARA ALMAHYRA,N112 SWIMMING CLUB
10 - 25 M Gaya Bebas Fins KU A. B. C. D Putri,11,1,KAYSHA AULADI NAILA,N112 SWIMMING CLUB
10 - 25 M Gaya Bebas Fins KU A. B. C. D Putri,11,2,KEN ADARA RAMADHANI,N112 SWIMMING CLUB
10 - 25 M Gaya Bebas Fins KU A. B. C. D Putri,11,3,MEDINAAZZAHRA,HN SWIMMING COURSE
10 - 25 M Gaya Bebas Fins KU A. B. C. D Putri,11,4,KHAULAH NADEERA FILLAH,SWIMMING ACADEMY CENTER GARUT
10 - 25 M Gaya Bebas Fins KU A. B. C. D Putri,11,5,KEI RANYA MAKAILA,N112 SWIMMING CLUB
10 - 25 M Gaya Bebas Fins KU A. B. C. D Putri,11,6,INARA RAINA KALANI,N112 SWIMMING CLUB
10 - 25 M Gaya Bebas Fins KU A. B. C. D Putri,12,1,NADEENE KYVA DARMAWAN,N112 SWIMMING CLUB
10 - 25 M Gaya Bebas Fins KU A. B. C. D Putri,12,2,QISTHI YUMNA AQILATUNNISA,N112 SWIMMING CLUB
10 - 25 M Gaya Bebas Fins KU A. B. C. D Putri,12,3,REIKO MIKAYLA ATAYA,TKI SWIMMING COURSE
10 - 25 M Gaya Bebas Fins KU A. B. C. D Putri,12,4,RAHEEL AFIEF BAASIR,ANTARKTIKA
10 - 25 M Gaya Bebas Fins KU A. B. C. D Putri,12,5,NAIRA KAYISHA,TKI SWIMMING COURSE
10 - 25 M Gaya Bebas Fins KU A. B. C. D Putri,12,6,MIKAYLA SITINOURAH SHALDIN,HAPPY SWIMMING CLUB
10 - 25 M Gaya Bebas Fins KU A. B. C. D Putri,13,1,SAKINA NADYA ALMAHYRA,TKI SWIMMING COURSE
10 - 25 M Gaya Bebas Fins KU A. B. C. D Putri,13,2,SHANUM SABHIRA JAELANI,TKI SWIMMING COURSE
10 - 25 M Gaya Bebas Fins KU A. B. C. D Putri,13,3,SHEZAN AZKAYRA QALESYA,REX SPORT CLUB
10 - 25 M Gaya Bebas Fins KU A. B. C. D Putri,13,4,SHEFAA KHAYRA DIYANAH,EAGLES SWIMMING COURSE
10 - 25 M Gaya Bebas Fins KU A. B. C. D Putri,13,5,SHAEHETTE ALESHA ATHAYA,TIRTA ADIPURA SWIMMING SCHOOL
10 - 25 M Gaya Bebas Fins KU A. B. C. D Putri,13,6,REVINA AULIA,MASCOT SWIMMING CLUB
10 - 25 M Gaya Bebas Fins KU A. B. C. D Putri,14,1,TIFFANY MIKAYLA,N112 SWIMMING CLUB
10 - 25 M Gaya Bebas Fins KU A. B. C. D Putri,14,2,ALFIQA RYGYE HIMAWAN,EAGLES SWIMMING COURSE
10 - 25 M Gaya Bebas Fins KU A. B. C. D Putri,14,3,ALMEERA KHANZA FADILAH,SN BURUYNGOJAY
10 - 25 M Gaya Bebas Fins KU A. B. C. D Putri,14,4,ALMASHYRA MISHALL QIRANI,BUTTERFLY SWIMMING COURSE
10 - 25 M Gaya Bebas Fins KU A. B. C. D Putri,14,5,ADIFA ASHALINA NURFAUZIAH,MASCOT SWIMMING CLUB
10 - 25 M Gaya Bebas Fins KU A. B. C. D Putri,14,6,SYIFA KHOERUNISA,SN BURUYNGOJAY
10 - 25 M Gaya Bebas Fins KU A. B. C. D Putri,15,1,ARSYILLA PUTRI SANTOSA,N112 SWIMMING CLUB
10 - 25 M Gaya Bebas Fins KU A. B. C. D Putri,15,2,AULIA NAIRA RAMANDA,SAMPOERNA SWIMMING CLUB
10 - 25 M Gaya Bebas Fins KU A. B. C. D Putri,15,3,AZEEMA ZAINA FALIHAH,ANTARKTIKA
10 - 25 M Gaya Bebas Fins KU A. B. C. D Putri,15,4,AURORA RIZKI AWALIYAH,REX SPORT CLUB
10 - 25 M Gaya Bebas Fins KU A. B. C. D Putri,15,5,ASHILLA QATRUNADA ALFATHUNISA,MASCOT SWIMMING CLUB
10 - 25 M Gaya Bebas Fins KU A. B. C. D Putri,15,6,AQISYA YUMNA ALMAS HASYIMIYAH,BSL
10 - 25 M Gaya Bebas Fins KU A. B. C. D Putri,16,1,CLOUDYA CEISYA PRAESA,N112 SWIMMING CLUB
10 - 25 M Gaya Bebas Fins KU A. B. C. D Putri,16,2,FELISHA ADREENA R.S,HN SWIMMING COURSE
10 - 25 M Gaya Bebas Fins KU A. B. C. D Putri,16,3,GHAITSA SANIYYAH,SDN CIPEUJEUH 1
10 - 25 M Gaya Bebas Fins KU A. B. C. D Putri,16,4,GARASHYA PUTRI GAVA WILLYARTO,SDIT BINTANG ISLAM
10 - 25 M Gaya Bebas Fins KU A. B. C. D Putri,16,5,FAZIA ALESHA ZAIN,HAPPY SWIMMING CLUB
10 - 25 M Gaya Bebas Fins KU A. B. C. D Putri,16,6,CLAIRINE AVIGAIL PERMADI,HAPPY SWIMMING CLUB
10 - 25 M Gaya Bebas Fins KU A. B. C. D Putri,17,1,HAURA NAZHIFA AL - INSYIRAH,ZAG SWIMMING SCHOOL
10 - 25 M Gaya Bebas Fins KU A. B. C. D Putri,17,2,KAILA SHERLY SYIFA BELLA,SN BURUYNGOJAY
10 - 25 M Gaya Bebas Fins KU A. B. C. D Putri,17,3,KHAIRA NABILA UTAMI,EAGLES SWIMMING COURSE
10 - 25 M Gaya Bebas Fins KU A. B. C. D Putri,17,4,KALA SAUFA ARASEMBANG,IN-HU SWIMMING CLUB
10 - 25 M Gaya Bebas Fins KU A. B. C. D Putri,17,5,HUSNA KINANTI,FSC
10 - 25 M Gaya Bebas Fins KU A. B. C. D Putri,17,6,GISELE VICTORIA SETIAWAN,TKI SWIMMING COURSE
10 - 25 M Gaya Bebas Fins KU A. B. C. D Putri,18,1,KINARA SHERILIA ROYANA,REX SPORT CLUB
10 - 25 M Gaya Bebas Fins KU A. B. C. D Putri,18,2,MEISYA NUR RAMADHANI,MASCOT SWIMMING CLUB
10 - 25 M Gaya Bebas Fins KU A. B. C. D Putri,18,3,NATASHA ZAAFIRA HIBATULLAH,DA SWIMMING CLUB
10 - 25 M Gaya Bebas Fins KU A. B. C. D Putri,18,4,NADHIFA AISYAH AL-KHOIRI,SN BURUYNGOJAY
10 - 25 M Gaya Bebas Fins KU A. B. C. D Putri,18,5,KIRANA GITA MAHESWARI,DOLPHIN CHERRY FIELD
10 - 25 M Gaya Bebas Fins KU A. B. C. D Putri,18,6,KHAYRA AZALEA GHASSANI,HN SWIMMING COURSE
10 - 25 M Gaya Bebas Fins KU A. B. C. D Putri,19,1,RAINA AZKHA,FANTASTIC SWIMMING
10 - 25 M Gaya Bebas Fins KU A. B. C. D Putri,19,2,SALMAKHIRA OKTAVIA DARUSMAN,SWIMMING ACADEMY CENTER GARUT
10 - 25 M Gaya Bebas Fins KU A. B. C. D Putri,19,3,SHAKILA NATHANIA LESTARI,SN BURUYNGOJAY
10 - 25 M Gaya Bebas Fins KU A. B. C. D Putri,19,4,SCOLASTIKA VANIA ATIRA PASARIBU,BARRA SWIMMING CLUB
10 - 25 M Gaya Bebas Fins KU A. B. C. D Putri,19,5,SALIHA KAMALA TATJANA KALIGIS,TKI SWIMMING COURSE
10 - 25 M Gaya Bebas Fins KU A. B. C. D Putri,19,6,QUINAYA LASHIRA AYANASADYA,N112 SWIMMING CLUB
10 - 25 M Gaya Bebas Fins KU A. B. C. D Putri,20,1,SOFIA ADELAINE TANUJAYA,EAGLES SWIMMING COURSE
10 - 25 M Gaya Bebas Fins KU A. B. C. D Putri,20,2,GIVA ANAMI ANANDATRI,IN-HU SWIMMING CLUB
10 - 25 M Gaya Bebas Fins KU A. B. C. D Putri,20,3,ZEVANNA JASMINE ZAVIERRA,IN-HU SWIMMING CLUB
10 - 25 M Gaya Bebas Fins KU A. B. C. D Putri,20,4,ARETHA KIREI SYAHIRA,HN SWIMMING COURSE
10 - 25 M Gaya Bebas Fins KU A. B. C. D Putri,20,5,ADELLIA PUTRI GUNAWAN SANJAYA,IN-HU SWIMMING CLUB
10 - 25 M Gaya Bebas Fins KU A. B. C. D Putri,20,6,SHEZAN ALMAHYRA RUMAIZA,ZAG SWIMMING SCHOOL
11 - 25 M Gaya Punggung Fins KU B. C. D Putra,01,1,AIDAN ZABRAN AL-MA’ARIJ,TIRTA ADIPURA SWIMMING SCHOOL
11 - 25 M Gaya Punggung Fins KU B. C. D Putra,01,2,GABRIEL JUSTIN NATHANAEL ISKANDAR,TKI SWIMMING COURSE
11 - 25 M Gaya Punggung Fins KU B. C. D Putra,01,3,ARSYAH RASYID ZAIN,HAPPY SWIMMING CLUB
11 - 25 M Gaya Punggung Fins KU B. C. D Putra,02,1,ALFAREZEL DAIVA MASASHI,TIRTA ADIPURA SWIMMING SCHOOL
11 - 25 M Gaya Punggung Fins KU B. C. D Putra,02,2,FATIH ARKAN ALFARIZI,TIRTA ADIPURA SWIMMING SCHOOL
11 - 25 M Gaya Punggung Fins KU B. C. D Putra,02,3,MUHAMMAD AZKA DERMAWANSYAH,BLUE OCEAN AQUATIC CLUB
11 - 25 M Gaya Punggung Fins KU B. C. D Putra,02,4,MUHAMMAD AULIAN MAHASIN,MAULANA AQUATIC
11 - 25 M Gaya Punggung Fins KU B. C. D Putra,02,5,CIKAL AIJAZ AMANSA,HAPPY SWIMMING CLUB
11 - 25 M Gaya Punggung Fins KU B. C. D Putra,02,6,KEENAN ABIMANYU AI FATIH,HAPPY SWIMMING CLUB
11 - 25 M Gaya Punggung Fins KU B. C. D Putra,03,1,GAVRIELL CHRISTOPHER,N112 SWIMMING CLUB
11 - 25 M Gaya Punggung Fins KU B. C. D Putra,03,2,M. ADRIAN PRADIPTA AMZARI,MASCOT SWIMMING CLUB
11 - 25 M Gaya Punggung Fins KU B. C. D Putra,03,3,KENZIE ALKHALIFI DZIKRI,RIKO SWIMMING CLUB
11 - 25 M Gaya Punggung Fins KU B. C. D Putra,03,4,MUHAMMAD RASYA ATHAYA,IN-HU SWIMMING CLUB
11 - 25 M Gaya Punggung Fins KU B. C. D Putra,03,5,LAURENTIUS CLIFFTON RYU WIGUNA,N112 SWIMMING CLUB
11 - 25 M Gaya Punggung Fins KU B. C. D Putra,03,6,AL FATIH RIDWAN NARARYA SUNOWO,DA SWIMMING CLUB
12 - 25 M Gaya Punggung Fins KU B. C. D Putri,01,1,ALMAHIRA KIANA AZKADINA,N112 SWIMMING CLUB
12 - 25 M Gaya Punggung Fins KU B. C. D Putri,01,2,JOSIE FIEVEL THEN,PASIFIC SWIMMING CLUB
12 - 25 M Gaya Punggung Fins KU B. C. D Putri,01,3,ADZRASAFFA QHAIRA HANISAH ADIWILAGA,ANTARKTIKA
12 - 25 M Gaya Punggung Fins KU B. C. D Putri,01,4,NAYLA QALESYA BANUN NASUTION,SWIMPLAY
12 - 25 M Gaya Punggung Fins KU B. C. D Putri,01,5,ALMEERA KHAIRUN NISA,TIRTA ADIPURA SWIMMING SCHOOL
12 - 25 M Gaya Punggung Fins KU B. C. D Putri,02,1,ALEXANDRA KYORA MALIKA SUBAGYO,N112 SWIMMING CLUB
12 - 25 M Gaya Punggung Fins KU B. C. D Putri,02,2,AZIFAH MUAZARA MAULANA,TIRTA ADIPURA SWIMMING SCHOOL
12 - 25 M Gaya Punggung Fins KU B. C. D Putri,02,3,KAYSHA AULADI NAILA,N112 SWIMMING CLUB
12 - 25 M Gaya Punggung Fins KU B. C. D Putri,02,4,GRACE ALYCIA NATHANIA SAHELATUA,SDN 150 GATOT SUBROTO
12 - 25 M Gaya Punggung Fins KU B. C. D Putri,02,5,ALISHA KHANZA ZAFIRA AFFANDI,HAPPY SWIMMING CLUB
12 - 25 M Gaya Punggung Fins KU B. C. D Putri,02,6,ALESHA SYIFA KAYYISA SOLEHAH,HAPPY SWIMMING CLUB
12 - 25 M Gaya Punggung Fins KU B. C. D Putri,03,1,SHAEHETTE ALESHA ATHAYA,TIRTA ADIPURA SWIMMING SCHOOL
12 - 25 M Gaya Punggung Fins KU B. C. D Putri,03,2,ARSYILLA PUTRI SANTOSA,N112 SWIMMING CLUB
12 - 25 M Gaya Punggung Fins KU B. C. D Putri,03,3,AZEEMA ZAINA FALIHAH,ANTARKTIKA
12 - 25 M Gaya Punggung Fins KU B. C. D Putri,03,4,AURORA RIZKI AWALIYAH,REX SPORT CLUB
12 - 25 M Gaya Punggung Fins KU B. C. D Putri,03,5,SYAKIRA SHAQUEENA HUMAIRA,BLUE OCEAN AQUATIC CLUB
12 - 25 M Gaya Punggung Fins KU B. C. D Putri,03,6,KEI RANYA MAKAILA,N112 SWIMMING CLUB
12 - 25 M Gaya Punggung Fins KU B. C. D Putri,04,1,KHANZA AZKADINA SM,HN SWIMMING COURSE
12 - 25 M Gaya Punggung Fins KU B. C. D Putri,04,2,QUINAYA LASHIRA AYANASADYA,N112 SWIMMING CLUB
12 - 25 M Gaya Punggung Fins KU B. C. D Putri,04,3,SHAKILA NATHANIA LESTARI,SN BURUYNGOJAY
12 - 25 M Gaya Punggung Fins KU B. C. D Putri,04,4,SARAH SALSABILA RIZKIA,TIRTA ADIPURA SWIMMING SCHOOL
12 - 25 M Gaya Punggung Fins KU B. C. D Putri,04,5,KINARA SHERILIA ROYANA,REX SPORT CLUB
12 - 25 M Gaya Punggung Fins KU B. C. D Putri,04,6,FAZIA ALESHA ZAIN,HAPPY SWIMMING CLUB
13 - 25 M Gaya Dada KU A. B. C. D Putra,01,1,AKMAL ALFARIZI SYAFANDARU,TKI SWIMMING COURSE
13 - 25 M Gaya Dada KU A. B. C. D Putra,01,2,BARIQ ARKANA PURWADI,N112 SWIMMING CLUB
13 - 25 M Gaya Dada KU A. B. C. D Putra,01,3,BIANTARA DJAKADISA PRASETYA,N112 SWIMMING CLUB
13 - 25 M Gaya Dada KU A. B. C. D Putra,01,4,BASKARA AMRAN PANJAITAN,N112 SWIMMING CLUB
13 - 25 M Gaya Dada KU A. B. C. D Putra,01,5,ARTHUR EDRIC LIU,N112 SWIMMING CLUB
13 - 25 M Gaya Dada KU A. B. C. D Putra,02,1,DIMITRI LAZUARDI AGHNA MUCHTAR,TIRTA ADIPURA SWIMMING SCHOOL
13 - 25 M Gaya Dada KU A. B. C. D Putra,02,2,GANENDRA ASAGI ARDIANSYAH,N112 SWIMMING CLUB
13 - 25 M Gaya Dada KU A. B. C. D Putra,02,3,IBRAHIM DZAKY HAKIM,N112 SWIMMING CLUB
13 - 25 M Gaya Dada KU A. B. C. D Putra,02,4,HANSEL MANGGARA TAMBA,TKI SWIMMING COURSE
13 - 25 M Gaya Dada KU A. B. C. D Putra,02,5,FATHAN MANAF,N112 SWIMMING CLUB
13 - 25 M Gaya Dada KU A. B. C. D Putra,02,6,DEVEN ELEAZAR,TKI SWIMMING COURSE
13 - 25 M Gaya Dada KU A. B. C. D Putra,03,1,JADEN EMMANUEL KOMALA,TKI SWIMMING COURSE
13 - 25 M Gaya Dada KU A. B. C. D Putra,03,2,JAMIE OLIVER,N112 SWIMMING CLUB
13 - 25 M Gaya Dada KU A. B. C. D Putra,03,3,KEEGAN ZACHARY KHALFANI,N112 SWIMMING CLUB
13 - 25 M Gaya Dada KU A. B. C. D Putra,03,4,KAISAR  ATH THARIQ NATSIR,EAGLES SWIMMING COURSE
13 - 25 M Gaya Dada KU A. B. C. D Putra,03,5,JALU AIDAN AMANSA,N112 SWIMMING CLUB
13 - 25 M Gaya Dada KU A. B. C. D Putra,03,6,IBRAHIM KAFI AL-FARIZKY,N112 SWIMMING CLUB
13 - 25 M Gaya Dada KU A. B. C. D Putra,04,1,MARIO WILBER MOEZIZAT,N112 SWIMMING CLUB
13 - 25 M Gaya Dada KU A. B. C. D Putra,04,2,NAQEEB QOWY AZZAKY,DA SWIMMING CLUB
13 - 25 M Gaya Dada KU A. B. C. D Putra,04,3,PARAMANANDA NABASTALA LESMANA,N112 SWIMMING CLUB
13 - 25 M Gaya Dada KU A. B. C. D Putra,04,4,NATHAN GOMGOM SIMBOLON,WATER SPEED AC
13 - 25 M Gaya Dada KU A. B. C. D Putra,04,5,MUHAMMAD ABBAS ROHIMAT,N112 SWIMMING CLUB
13 - 25 M Gaya Dada KU A. B. C. D Putra,04,6,LEANDER FYNN HUDIYONO,N112 SWIMMING CLUB
13 - 25 M Gaya Dada KU A. B. C. D Putra,05,1,RASHAAD MILES ALDEN,ANTARKTIKA
13 - 25 M Gaya Dada KU A. B. C. D Putra,05,2,SEAN ELVANO TJAHYADI,N112 SWIMMING CLUB
13 - 25 M Gaya Dada KU A. B. C. D Putra,05,3,AIDAN ZABRAN AL-MA’ARIJ,TIRTA ADIPURA SWIMMING SCHOOL
13 - 25 M Gaya Dada KU A. B. C. D Putra,05,4,AHMAD MUZAFFAR HARIYANTO,DOLPHIN CHERRY FIELD
13 - 25 M Gaya Dada KU A. B. C. D Putra,05,5,SAMUEL NABONGGAL LASROHA SITUMORANG,TKI SWIMMING COURSE
13 - 25 M Gaya Dada KU A. B. C. D Putra,05,6,RAFFAZA ARZAN ALREDO,HAPPY SWIMMING CLUB
13 - 25 M Gaya Dada KU A. B. C. D Putra,06,1,ARKHA MUHAMMAD RAFASSYA,ZAG SWIMMING SCHOOL
13 - 25 M Gaya Dada KU A. B. C. D Putra,06,2,ARTHUR CAVERO TANDOWIJAYA,N112 SWIMMING CLUB
13 - 25 M Gaya Dada KU A. B. C. D Putra,06,3,BARRA AQMAR,TKI SWIMMING COURSE
13 - 25 M Gaya Dada KU A. B. C. D Putra,06,4,AXEL BENEDICT THE,PASIFIC SWIMMING CLUB
13 - 25 M Gaya Dada KU A. B. C. D Putra,06,5,ARSYAH RASYID ZAIN,HAPPY SWIMMING CLUB
13 - 25 M Gaya Dada KU A. B. C. D Putra,06,6,ALKA ARRASYA,TIRTA ADIPURA SWIMMING SCHOOL
13 - 25 M Gaya Dada KU A. B. C. D Putra,07,1,DELARD BERYL SYAH,TKI SWIMMING COURSE
13 - 25 M Gaya Dada KU A. B. C. D Putra,07,2,FATTAH AHSAN MUZAFFAR,N112 SWIMMING CLUB
13 - 25 M Gaya Dada KU A. B. C. D Putra,07,3,GEVARIEL JOEVIN SUSANTO,HAPPY SWIMMING CLUB
13 - 25 M Gaya Dada KU A. B. C. D Putra,07,4,GABRIEL JUSTIN NATHANAEL ISKANDAR,TKI SWIMMING COURSE
13 - 25 M Gaya Dada KU A. B. C. D Putra,07,5,EMIR FATHI AR RASHID,HAPPY SWIMMING CLUB
13 - 25 M Gaya Dada KU A. B. C. D Putra,07,6,CAYDEN MICHE LANGELO,ANTARKTIKA
13 - 25 M Gaya Dada KU A. B. C. D Putra,08,1,JULFAN PRADIPTA,DA SWIMMING CLUB
13 - 25 M Gaya Dada KU A. B. C. D Putra,08,2,M RAIHAN ALFATIH,N112 SWIMMING CLUB
13 - 25 M Gaya Dada KU A. B. C. D Putra,08,3,MUHAMMAD FADLAN SHABILI SHOBIR,DA SWIMMING CLUB
13 - 25 M Gaya Dada KU A. B. C. D Putra,08,4,MUHAMAD FAISAL ANWAR,DA SWIMMING CLUB
13 - 25 M Gaya Dada KU A. B. C. D Putra,08,5,KEENAN ABIMANYU AI FATIH,HAPPY SWIMMING CLUB
13 - 25 M Gaya Dada KU A. B. C. D Putra,08,6,HARIS MARTIRO LAHAGU,DOLPHIN CHERRY FIELD
13 - 25 M Gaya Dada KU A. B. C. D Putra,09,1,MUHAMMAD KHABIB ATHARRAYHAN UBADAH IRAWAN,N112 SWIMMING CLUB
13 - 25 M Gaya Dada KU A. B. C. D Putra,09,2,MUHAMMAD MAHESA DAYA,HAPPY SWIMMING CLUB
13 - 25 M Gaya Dada KU A. B. C. D Putra,09,3,MUHAMMAD RAYYAN FIRDAUS,MASCOT SWIMMING CLUB
13 - 25 M Gaya Dada KU A. B. C. D Putra,09,4,MUHAMMAD MUFID ALBARKA,SWIMPLAY
13 - 25 M Gaya Dada KU A. B. C. D Putra,09,5,MUHAMMAD LUTHFI SAEFULLOH,DA SWIMMING CLUB
13 - 25 M Gaya Dada KU A. B. C. D Putra,09,6,MUHAMMAD IBRAHIM ATHARAZKA,FAMILY SC
13 - 25 M Gaya Dada KU A. B. C. D Putra,10,1,MUHAMMAD ZAIN ALFATIH,DA SWIMMING CLUB
13 - 25 M Gaya Dada KU A. B. C. D Putra,10,2,RAFARDAN DWINATA PUTRA,ANTARKTIKA
13 - 25 M Gaya Dada KU A. B. C. D Putra,10,3,REZVAN MAULANA ADLI,SUPER SWIMMING SCHOOL
13 - 25 M Gaya Dada KU A. B. C. D Putra,10,4,RAFFASYA SYAHRI ANWAR,DA SWIMMING CLUB
13 - 25 M Gaya Dada KU A. B. C. D Putra,10,5,NARESH ARSHAQA RAUSYANFIKR,N112 SWIMMING CLUB
13 - 25 M Gaya Dada KU A. B. C. D Putra,10,6,MUHAMMAD SA’AD,N112 SWIMMING CLUB
13 - 25 M Gaya Dada KU A. B. C. D Putra,11,1,RYOICHI EVANO TJAHYADI,N112 SWIMMING CLUB
13 - 25 M Gaya Dada KU A. B. C. D Putra,11,2,SENA PUTRA NUGRAHA,DA SWIMMING CLUB
13 - 25 M Gaya Dada KU A. B. C. D Putra,11,3,WIRASATYA DEWANGGA ALTEZZA SUTOPO,EAGLES SWIMMING COURSE
13 - 25 M Gaya Dada KU A. B. C. D Putra,11,4,TOBIAS JUNJUNGAN,N112 SWIMMING CLUB
13 - 25 M Gaya Dada KU A. B. C. D Putra,11,5,SALMAN ZEINA KURSINA,DA SWIMMING CLUB
13 - 25 M Gaya Dada KU A. B. C. D Putra,11,6,RIZKY BA'ASYR FEBRIYANTO,SN BURUYNGOJAY
13 - 25 M Gaya Dada KU A. B. C. D Putra,12,1,ALFAREZEL DAIVA MASASHI,TIRTA ADIPURA SWIMMING SCHOOL
13 - 25 M Gaya Dada KU A. B. C. D Putra,12,2,CIKAL AIJAZ AMANSA,HAPPY SWIMMING CLUB
13 - 25 M Gaya Dada KU A. B. C. D Putra,12,3,DIRGA ALMALIK PUTRA TANAYA,EAGLES SWIMMING COURSE
13 - 25 M Gaya Dada KU A. B. C. D Putra,12,4,DAMARIO AL JARAS,DA SWIMMING CLUB
13 - 25 M Gaya Dada KU A. B. C. D Putra,12,5,ARSAKHA VIRENDRA ZAHRAN AZZAMY,DA SWIMMING CLUB
13 - 25 M Gaya Dada KU A. B. C. D Putra,12,6,ZABRAN AFNAN ADHITAMA,TKI SWIMMING COURSE
13 - 25 M Gaya Dada KU A. B. C. D Putra,13,1,FASHA ALFAT SUPRIATNA,REX SPORT CLUB
13 - 25 M Gaya Dada KU A. B. C. D Putra,13,2,FIDELYO ALVARO,N112 SWIMMING CLUB
13 - 25 M Gaya Dada KU A. B. C. D Putra,13,3,GILBERT GIOVAN MANALU,PUTRA INTAN SWIMMING
13 - 25 M Gaya Dada KU A. B. C. D Putra,13,4,GALEN EDWARD HAGAN,EAGLES SWIMMING COURSE
13 - 25 M Gaya Dada KU A. B. C. D Putra,13,5,FATIH ARKAN ALFARIZI,TIRTA ADIPURA SWIMMING SCHOOL
13 - 25 M Gaya Dada KU A. B. C. D Putra,13,6,FAHDEANDRA ABIZAR DWIYATAMA,N112 SWIMMING CLUB
13 - 25 M Gaya Dada KU A. B. C. D Putra,14,1,JOSEPH BRIANT MARTINUS SEMBIRING BRAHMANA,N112 SWIMMING CLUB
13 - 25 M Gaya Dada KU A. B. C. D Putra,14,2,LEVIN NATHANAEL SARAGIH,TKI SWIMMING COURSE
13 - 25 M Gaya Dada KU A. B. C. D Putra,14,3,MUHAMMAD AULIAN MAHASIN,MAULANA AQUATIC
13 - 25 M Gaya Dada KU A. B. C. D Putra,14,4,MACCA ALLI VIANDO,N112 SWIMMING CLUB
13 - 25 M Gaya Dada KU A. B. C. D Putra,14,5,KENZO ABRISHAM ANSHARI,TKI SWIMMING COURSE
13 - 25 M Gaya Dada KU A. B. C. D Putra,14,6,IRTIZA KHALID SHAITAMA,N112 SWIMMING CLUB
13 - 25 M Gaya Dada KU A. B. C. D Putra,15,1,RAFAIZAN KAMAEL FIRDAUS,SN BURUYNGOJAY
13 - 25 M Gaya Dada KU A. B. C. D Putra,15,2,RAIN KENNETH KUSNANDAR,TKI SWIMMING COURSE
13 - 25 M Gaya Dada KU A. B. C. D Putra,15,3,RIZKY PUTRA MULYADI,DA SWIMMING CLUB
13 - 25 M Gaya Dada KU A. B. C. D Putra,15,4,RIFFAT MIFZAL FAISHA,N112 SWIMMING CLUB
13 - 25 M Gaya Dada KU A. B. C. D Putra,15,5,RAFI FAEYZA S,SN BURUYNGOJAY
13 - 25 M Gaya Dada KU A. B. C. D Putra,15,6,MUHAMMAD FATHAN SYARIF DANIYAL,HAPPY SWIMMING CLUB
13 - 25 M Gaya Dada KU A. B. C. D Putra,16,1,TZURIEL BERNARDINO ARKIANDRA,N112 SWIMMING CLUB
13 - 25 M Gaya Dada KU A. B. C. D Putra,16,2,ZAVIAR CATRA BHINEKA,FAMILY SC
13 - 25 M Gaya Dada KU A. B. C. D Putra,16,3,ADRIEL REYNAND KWOK,HAPPY SWIMMING CLUB
13 - 25 M Gaya Dada KU A. B. C. D Putra,16,4,ZEYHAN ALTHAF GHIFARI,ZAG SWIMMING SCHOOL
13 - 25 M Gaya Dada KU A. B. C. D Putra,16,5,ZAIN HAMIZAN,HAPPY SWIMMING CLUB
13 - 25 M Gaya Dada KU A. B. C. D Putra,16,6,SAHL AFIEF BAASIR,ANTARKTIKA
13 - 25 M Gaya Dada KU A. B. C. D Putra,17,1,AGAH KURNIA DININGRAT,TKI SWIMMING COURSE
13 - 25 M Gaya Dada KU A. B. C. D Putra,17,2,AKAZIA ADICIPTA PRAWIRA,SN BURUYNGOJAY
13 - 25 M Gaya Dada KU A. B. C. D Putra,17,3,ALDRICH SURYADANENDRA,DOLPHIN CHERRY FIELD
13 - 25 M Gaya Dada KU A. B. C. D Putra,17,4,AL FATIH RIDWAN NARARYA SUNOWO,DA SWIMMING CLUB
13 - 25 M Gaya Dada KU A. B. C. D Putra,17,5,AHMAD SYAFIQ AZYAN AL FATIH,N112 SWIMMING CLUB
13 - 25 M Gaya Dada KU A. B. C. D Putra,17,6,AFZAR HADZIQ MUSYAFFA,SN BURUYNGOJAY
13 - 25 M Gaya Dada KU A. B. C. D Putra,18,1,ARFAN KHIAR PRADIPTA,PUTRA INTAN SWIMMING
13 - 25 M Gaya Dada KU A. B. C. D Putra,18,2,ARYANDAFFA,DOLPHIN CHERRY FIELD
13 - 25 M Gaya Dada KU A. B. C. D Putra,18,3,DAVANO ALDIZAR REYASA YUNDRA,N112 SWIMMING CLUB
13 - 25 M Gaya Dada KU A. B. C. D Putra,18,4,DAUD HAMONANGAN SILAEN,TKI SWIMMING COURSE
13 - 25 M Gaya Dada KU A. B. C. D Putra,18,5,ARVIN MUHAMMAD RASYAD,N112 SWIMMING CLUB
13 - 25 M Gaya Dada KU A. B. C. D Putra,18,6,ALFATIH WIJDAN,SN BURUYNGOJAY
13 - 25 M Gaya Dada KU A. B. C. D Putra,19,1,FAWWAZ SYAMIL AL RASYID,DOLPHIN CHERRY FIELD
13 - 25 M Gaya Dada KU A. B. C. D Putra,19,2,GIBRAN RAFFASYA MAHARDIKA,RIKO SWIMMING CLUB
13 - 25 M Gaya Dada KU A. B. C. D Putra,19,3,KHALFAN ARFABIAN DEWANGGA,TKI SWIMMING COURSE
13 - 25 M Gaya Dada KU A. B. C. D Putra,19,4,HAMZAH KHALIF AFFANDI,HAPPY SWIMMING CLUB
13 - 25 M Gaya Dada KU A. B. C. D Putra,19,5,GAVRIELL CHRISTOPHER,N112 SWIMMING CLUB
13 - 25 M Gaya Dada KU A. B. C. D Putra,19,6,FASYA SRN AMIR,ANTARKTIKA
13 - 25 M Gaya Dada KU A. B. C. D Putra,20,1,MAHASURA NAREL ANSARI,N112 SWIMMING CLUB
13 - 25 M Gaya Dada KU A. B. C. D Putra,20,2,MUHAMMAD AZLAN RAFIF,MASCOT SWIMMING CLUB
13 - 25 M Gaya Dada KU A. B. C. D Putra,20,3,MUHAMMAD RAKEYAN FATIH,PUTRA INTAN SWIMMING
13 - 25 M Gaya Dada KU A. B. C. D Putra,20,4,MUHAMMAD GIBRAN RABBANI,YOURSWIMM
13 - 25 M Gaya Dada KU A. B. C. D Putra,20,5,MUHAMMAD AKMAL ARSHAQ,BLUE OCEAN AQUATIC CLUB
13 - 25 M Gaya Dada KU A. B. C. D Putra,20,6,LAURENTIUS CLIFFTON RYU WIGUNA,N112 SWIMMING CLUB
13 - 25 M Gaya Dada KU A. B. C. D Putra,21,1,NICHOLAS CHRISTIAN HARYOKO,EAGLES SWIMMING COURSE
13 - 25 M Gaya Dada KU A. B. C. D Putra,21,2,UMAR SAKHA SAPUTRO,TKI SWIMMING COURSE
13 - 25 M Gaya Dada KU A. B. C. D Putra,21,3,AHZA ARSAKHA GUNAWAN,RIKO SWIMMING CLUB
13 - 25 M Gaya Dada KU A. B. C. D Putra,21,4,GARFIELD MARVEL PUSPIWARA,RIKO SWIMMING CLUB
13 - 25 M Gaya Dada KU A. B. C. D Putra,21,5,RAJA RAFLI ENNGRAYADI,FAMILY SC
13 - 25 M Gaya Dada KU A. B. C. D Putra,21,6,MUHAMMAD ZIDAN ALFATH,RAJAWALI SC
13 - 25 M Gaya Dada KU A. B. C. D Putra,22,1,MUHAMMAD HAQQI ALFATIH,RIKO SWIMMING CLUB
13 - 25 M Gaya Dada KU A. B. C. D Putra,22,2,MUHAMMAD RASYA ATHAYA,IN-HU SWIMMING CLUB
13 - 25 M Gaya Dada KU A. B. C. D Putra,22,3,IBNU GHANI,RIKO SWIMMING CLUB
13 - 25 M Gaya Dada KU A. B. C. D Putra,22,4,KENZIE ALKHALIFI DZIKRI,RIKO SWIMMING CLUB
13 - 25 M Gaya Dada KU A. B. C. D Putra,22,5,HARVEY GIOVAN CANDRA,PASIFIC SWIMMING CLUB
13 - 25 M Gaya Dada KU A. B. C. D Putra,22,6,AIDAN AHSAN ARSALAN,RIKO SWIMMING CLUB
14 - 25 M Gaya Dada KU A. B. C. D Putri,01,1,TAZKIA MUFIDATUL ILMI,N112 SWIMMING CLUB
14 - 25 M Gaya Dada KU A. B. C. D Putri,01,2,ADZKIYA AFTANI SUMARDI,BARRA SWIMMING CLUB
14 - 25 M Gaya Dada KU A. B. C. D Putri,01,3,ADEEVA SHEZA ATMAJA,TKI SWIMMING COURSE
14 - 25 M Gaya Dada KU A. B. C. D Putri,02,1,ANINDIRA ALISHKA NUR SYAHIRA,N112 SWIMMING CLUB
14 - 25 M Gaya Dada KU A. B. C. D Putri,02,2,ARSHANAYA ZAINA AL-MAIDA,TIRTA ADIPURA SWIMMING SCHOOL
14 - 25 M Gaya Dada KU A. B. C. D Putri,02,3,AZIYA ANDREA YOGAMA,N112 SWIMMING CLUB
14 - 25 M Gaya Dada KU A. B. C. D Putri,02,4,AZALE KANAYA GHANISA,TIRTA ADIPURA SWIMMING SCHOOL
14 - 25 M Gaya Dada KU A. B. C. D Putri,02,5,AQLANNISA SYAURA,N112 SWIMMING CLUB
14 - 25 M Gaya Dada KU A. B. C. D Putri,02,6,ALESHA ZIYA YOANISA,BSL
14 - 25 M Gaya Dada KU A. B. C. D Putri,03,1,BRIGITA YOHANA FELICIA,TKI SWIMMING COURSE
14 - 25 M Gaya Dada KU A. B. C. D Putri,03,2,FELICIA NATHANIA LUMBAN GAOL,N112 SWIMMING CLUB
14 - 25 M Gaya Dada KU A. B. C. D Putri,03,3,FLEVIA MEYLISA NAIBAHO,EAGLES SWIMMING COURSE
14 - 25 M Gaya Dada KU A. B. C. D Putri,03,4,FINNA LOVANDRA SITORUS,TKI SWIMMING COURSE
14 - 25 M Gaya Dada KU A. B. C. D Putri,03,5,FATHIYA SHAKA KIRANA,TIRTA ADIPURA SWIMMING SCHOOL
14 - 25 M Gaya Dada KU A. B. C. D Putri,03,6,AZZALEA LANIKA PUTRI PERMANA,CLUBSUNSPORTBDG
14 - 25 M Gaya Dada KU A. B. C. D Putri,04,1,LEANA VINDYA,SUPER SWIMMING SCHOOL
14 - 25 M Gaya Dada KU A. B. C. D Putri,04,2,RANISHA AIZA IBRAHIM,N112 SWIMMING CLUB
14 - 25 M Gaya Dada KU A. B. C. D Putri,04,3,SARAH NAULI SILAEN,TKI SWIMMING COURSE
14 - 25 M Gaya Dada KU A. B. C. D Putri,04,4,SANSA SHANUM PURNAMA,TKI SWIMMING COURSE
14 - 25 M Gaya Dada KU A. B. C. D Putri,04,5,RALLINE MILLIENKA VIANDO,N112 SWIMMING CLUB
14 - 25 M Gaya Dada KU A. B. C. D Putri,04,6,LASHIRA PUSPITASARI RENGGANIS,EAGLES SWIMMING COURSE
14 - 25 M Gaya Dada KU A. B. C. D Putri,05,1,SHAZIA ABIRA MAHREEN,FAMILY SC
14 - 25 M Gaya Dada KU A. B. C. D Putri,05,2,ABIGAIL CALLIE LESYANTO,HAPPY SWIMMING CLUB
14 - 25 M Gaya Dada KU A. B. C. D Putri,05,3,ADIFA RAVANIA DELIANDIRA,FAMILY SC
14 - 25 M Gaya Dada KU A. B. C. D Putri,05,4,ADIBA NAHDA ULYA,DA SWIMMING CLUB
14 - 25 M Gaya Dada KU A. B. C. D Putri,05,5,ZHARIFA FAKHIRA MAULIDA,N112 SWIMMING CLUB
14 - 25 M Gaya Dada KU A. B. C. D Putri,05,6,SHABIRA NAURA PRATAMA,SWIMPLAY
14 - 25 M Gaya Dada KU A. B. C. D Putri,06,1,AISYAH ALFHATUNNISA ANDINI,DA SWIMMING CLUB
14 - 25 M Gaya Dada KU A. B. C. D Putri,06,2,ALESHA YUMNA SULAEMAN,DA SWIMMING CLUB
14 - 25 M Gaya Dada KU A. B. C. D Putri,06,3,ALISHA INAYYAH FIRMANSYAH,HAPPY SWIMMING CLUB
14 - 25 M Gaya Dada KU A. B. C. D Putri,06,4,ALIKA NAYLA PUTRI,DA SWIMMING CLUB
14 - 25 M Gaya Dada KU A. B. C. D Putri,06,5,AIZA YUMNA HUMAIRA,FAMILY SC
14 - 25 M Gaya Dada KU A. B. C. D Putri,06,6,AISHA ALMAHYRA HIDAYAT,FAMILY SC
14 - 25 M Gaya Dada KU A. B. C. D Putri,07,1,ALMEERA KHAIRUN NISA,TIRTA ADIPURA SWIMMING SCHOOL
14 - 25 M Gaya Dada KU A. B. C. D Putri,07,2,ATHALETA ALMEERA NUR LUKMAN,DA SWIMMING CLUB
14 - 25 M Gaya Dada KU A. B. C. D Putri,07,3,CHIQUITA ELENA WU,EAGLES SWIMMING COURSE
14 - 25 M Gaya Dada KU A. B. C. D Putri,07,4,AYESHA MALIKA ATMAJA,TKI SWIMMING COURSE
14 - 25 M Gaya Dada KU A. B. C. D Putri,07,5,ANNISA NUR RAHMA,DA SWIMMING CLUB
14 - 25 M Gaya Dada KU A. B. C. D Putri,07,6,ALLEGRA ZIANARA RIZKIANA,SRS ASKO
14 - 25 M Gaya Dada KU A. B. C. D Putri,08,1,CLARY SHERAFINA ZEVA HIDAYAT,N112 SWIMMING CLUB
14 - 25 M Gaya Dada KU A. B. C. D Putri,08,2,GRACELYNN ANELLA MAELIE,N112 SWIMMING CLUB
14 - 25 M Gaya Dada KU A. B. C. D Putri,08,3,ISAURA ZAKIYA KIMORA ADIWILAGA,ANTARKTIKA
14 - 25 M Gaya Dada KU A. B. C. D Putri,08,4,HAWA ASHADIYA SETIA KIRANI,SN BURUYNGOJAY
14 - 25 M Gaya Dada KU A. B. C. D Putri,08,5,DAISHABA ALMAHYRA JENNAHANDINIE,N112 SWIMMING CLUB
14 - 25 M Gaya Dada KU A. B. C. D Putri,08,6,CLAIRE NASYA,TKI SWIMMING COURSE
14 - 25 M Gaya Dada KU A. B. C. D Putri,09,1,KHALISA AZMI MAULIDA,DA SWIMMING CLUB
14 - 25 M Gaya Dada KU A. B. C. D Putri,09,2,MAURA ZAIDA ARRASYID,SWIMPLAY
14 - 25 M Gaya Dada KU A. B. C. D Putri,09,3,NIMRA AURORA SALEH,TKI SWIMMING COURSE
14 - 25 M Gaya Dada KU A. B. C. D Putri,09,4,NAYLA ANNASYA,N112 SWIMMING CLUB
14 - 25 M Gaya Dada KU A. B. C. D Putri,09,5,KHANSA AZZALEA HUMAIRA,TKI SWIMMING COURSE
14 - 25 M Gaya Dada KU A. B. C. D Putri,09,6,KHAIRA SUCI ASY-SYIFA,FAMILY SC
14 - 25 M Gaya Dada KU A. B. C. D Putri,10,1,RALLINE QUEENSHA TAMA,DA SWIMMING CLUB
14 - 25 M Gaya Dada KU A. B. C. D Putri,10,2,RENAYA AISYAH KURNIAWAN,HAPPY SWIMMING CLUB
14 - 25 M Gaya Dada KU A. B. C. D Putri,10,3,SHAQUEENA MARZIA IHSANI,SN BURUYNGOJAY
14 - 25 M Gaya Dada KU A. B. C. D Putri,10,4,SENJA ANJANI PUTRI,N112 SWIMMING CLUB
14 - 25 M Gaya Dada KU A. B. C. D Putri,10,5,RAVANIA ALFATHUNNISA,DA SWIMMING CLUB
14 - 25 M Gaya Dada KU A. B. C. D Putri,10,6,NOURA RAVABIA SYAHNAERA,N112 SWIMMING CLUB
14 - 25 M Gaya Dada KU A. B. C. D Putri,11,1,ADEEVA SYAKILA KAMIL,EAGLES SWIMMING COURSE
14 - 25 M Gaya Dada KU A. B. C. D Putri,11,2,ALESHA SYIFA KAYYISA SOLEHAH,HAPPY SWIMMING CLUB
14 - 25 M Gaya Dada KU A. B. C. D Putri,11,3,ALMIRA SHAFARINA ZAFIRA,SDN BARUJATI
14 - 25 M Gaya Dada KU A. B. C. D Putri,11,4,ALISHA KHANZA ZAFIRA AFFANDI,HAPPY SWIMMING CLUB
14 - 25 M Gaya Dada KU A. B. C. D Putri,11,5,ADZRASAFFA QHAIRA HANISAH ADIWILAGA,ANTARKTIKA
14 - 25 M Gaya Dada KU A. B. C. D Putri,11,6,TANIKA DARLENE MARJORIE,TKI SWIMMING COURSE
14 - 25 M Gaya Dada KU A. B. C. D Putri,12,1,AZKIYA DIYANA RASPATI,HN SWIMMING COURSE
14 - 25 M Gaya Dada KU A. B. C. D Putri,12,2,ELLEN CICILIA TJAHJADI,N112 SWIMMING CLUB
14 - 25 M Gaya Dada KU A. B. C. D Putri,12,3,GRACE ALYCIA NATHANIA SAHELATUA,SDN 150 GATOT SUBROTO
14 - 25 M Gaya Dada KU A. B. C. D Putri,12,4,GISELLE MERCIA CHRISTIAN,TKI SWIMMING COURSE
14 - 25 M Gaya Dada KU A. B. C. D Putri,12,5,DAHAYU HALONA SOFYAN,EAGLES SWIMMING COURSE
14 - 25 M Gaya Dada KU A. B. C. D Putri,12,6,ALVERTA QIANDRA ARIZFANI,N112 SWIMMING CLUB
14 - 25 M Gaya Dada KU A. B. C. D Putri,13,1,KAYSHA AULADI NAILA,N112 SWIMMING CLUB
14 - 25 M Gaya Dada KU A. B. C. D Putri,13,2,KEN ADARA RAMADHANI,N112 SWIMMING CLUB
14 - 25 M Gaya Dada KU A. B. C. D Putri,13,3,MAISADIPTA BRIELLE,N112 SWIMMING CLUB
14 - 25 M Gaya Dada KU A. B. C. D Putri,13,4,KHAULAH NADEERA FILLAH,SWIMMING ACADEMY CENTER GARUT
14 - 25 M Gaya Dada KU A. B. C. D Putri,13,5,KEI RANYA MAKAILA,N112 SWIMMING CLUB
14 - 25 M Gaya Dada KU A. B. C. D Putri,13,6,HUMAIRA MUTIARA PUTRI,IN-HU SWIMMING CLUB
14 - 25 M Gaya Dada KU A. B. C. D Putri,14,1,NADEENE KYVA DARMAWAN,N112 SWIMMING CLUB
14 - 25 M Gaya Dada KU A. B. C. D Putri,14,2,RAMADHANIA KALEIA ZAHRA,N112 SWIMMING CLUB
14 - 25 M Gaya Dada KU A. B. C. D Putri,14,3,REIKO MIKAYLA ATAYA,TKI SWIMMING COURSE
14 - 25 M Gaya Dada KU A. B. C. D Putri,14,4,RANNAN MUTHMAINNAH PUTRI,BLUE OCEAN AQUATIC CLUB
14 - 25 M Gaya Dada KU A. B. C. D Putri,14,5,NAIRA KAYISHA,TKI SWIMMING COURSE
14 - 25 M Gaya Dada KU A. B. C. D Putri,14,6,MIKAYLA SITINOURAH SHALDIN,HAPPY SWIMMING CLUB
14 - 25 M Gaya Dada KU A. B. C. D Putri,15,1,SABRINA ZALFA FARADINA,BARRA SWIMMING CLUB
14 - 25 M Gaya Dada KU A. B. C. D Putri,15,2,SHAEHETTE ALESHA ATHAYA,TIRTA ADIPURA SWIMMING SCHOOL
14 - 25 M Gaya Dada KU A. B. C. D Putri,15,3,SHEFAA KHAYRA DIYANAH,EAGLES SWIMMING COURSE
14 - 25 M Gaya Dada KU A. B. C. D Putri,15,4,SHANUM SABHIRA JAELANI,TKI SWIMMING COURSE
14 - 25 M Gaya Dada KU A. B. C. D Putri,15,5,SAKINA NADYA ALMAHYRA,TKI SWIMMING COURSE
14 - 25 M Gaya Dada KU A. B. C. D Putri,15,6,SABIYA TABINA SETIADY,N112 SWIMMING CLUB
14 - 25 M Gaya Dada KU A. B. C. D Putri,16,1,SYIFA KHOERUNISA,SN BURUYNGOJAY
14 - 25 M Gaya Dada KU A. B. C. D Putri,16,2,ALFIQA RYGYE HIMAWAN,EAGLES SWIMMING COURSE
14 - 25 M Gaya Dada KU A. B. C. D Putri,16,3,ALMEERA KHANZA FADILAH,SN BURUYNGOJAY
14 - 25 M Gaya Dada KU A. B. C. D Putri,16,4,ALMASHYRA MISHALL QIRANI,BUTTERFLY SWIMMING COURSE
14 - 25 M Gaya Dada KU A. B. C. D Putri,16,5,VALENCIA,TKI SWIMMING COURSE
14 - 25 M Gaya Dada KU A. B. C. D Putri,16,6,SHEINA ALESHA BIANKA,RIKO SWIMMING CLUB
14 - 25 M Gaya Dada KU A. B. C. D Putri,17,1,CHARLETTE MICHAELLA HENDRIE,N112 SWIMMING CLUB
14 - 25 M Gaya Dada KU A. B. C. D Putri,17,2,FELISHA ADREENA R.S,HN SWIMMING COURSE
14 - 25 M Gaya Dada KU A. B. C. D Putri,17,3,GISELE VICTORIA SETIAWAN,TKI SWIMMING COURSE
14 - 25 M Gaya Dada KU A. B. C. D Putri,17,4,GHAITSA SANIYYAH,SDN CIPEUJEUH 1
14 - 25 M Gaya Dada KU A. B. C. D Putri,17,5,FAZIA ALESHA ZAIN,HAPPY SWIMMING CLUB
14 - 25 M Gaya Dada KU A. B. C. D Putri,17,6,AURORA RIZKI AWALIYAH,REX SPORT CLUB
14 - 25 M Gaya Dada KU A. B. C. D Putri,18,1,KAYLA AZKAYRA ALIFINA,SN BURUYNGOJAY
14 - 25 M Gaya Dada KU A. B. C. D Putri,18,2,KHAIRA NABILA UTAMI,EAGLES SWIMMING COURSE
14 - 25 M Gaya Dada KU A. B. C. D Putri,18,3,KHANZA PUTRI SHABIRA,N112 SWIMMING CLUB
14 - 25 M Gaya Dada KU A. B. C. D Putri,18,4,KHANZA AZKADINA SM,HN SWIMMING COURSE
14 - 25 M Gaya Dada KU A. B. C. D Putri,18,5,KAYLA PUTRI ASRIL,TKI SWIMMING COURSE
14 - 25 M Gaya Dada KU A. B. C. D Putri,18,6,KAILA SHERLY SYIFA BELLA,SN BURUYNGOJAY
14 - 25 M Gaya Dada KU A. B. C. D Putri,19,1,KINARA SHERILIA ROYANA,REX SPORT CLUB
14 - 25 M Gaya Dada KU A. B. C. D Putri,19,2,KIRANA QUEEN OKTAVIA,DA SWIMMING CLUB
14 - 25 M Gaya Dada KU A. B. C. D Putri,19,3,NATASHA ZAAFIRA HIBATULLAH,DA SWIMMING CLUB
14 - 25 M Gaya Dada KU A. B. C. D Putri,19,4,NADHIRA ZEA QOTHRUNADA,TRILOGY SWIMMING COURSE
14 - 25 M Gaya Dada KU A. B. C. D Putri,19,5,KIRANA GITA MAHESWARI,DOLPHIN CHERRY FIELD
14 - 25 M Gaya Dada KU A. B. C. D Putri,19,6,KHAYRA AZALEA GHASSANI,HN SWIMMING COURSE
14 - 25 M Gaya Dada KU A. B. C. D Putri,20,1,SALIHA KAMALA TATJANA KALIGIS,TKI SWIMMING COURSE
14 - 25 M Gaya Dada KU A. B. C. D Putri,20,2,SARAH SALSABILA RIZKIA,TIRTA ADIPURA SWIMMING SCHOOL
14 - 25 M Gaya Dada KU A. B. C. D Putri,20,3,SALIMA AZKA FITHRIYA,HN SWIMMING COURSE
14 - 25 M Gaya Dada KU A. B. C. D Putri,20,4,SHAKILA NATHANIA LESTARI,SN BURUYNGOJAY
14 - 25 M Gaya Dada KU A. B. C. D Putri,20,5,SALMAKHIRA OKTAVIA DARUSMAN,SWIMMING ACADEMY CENTER GARUT
14 - 25 M Gaya Dada KU A. B. C. D Putri,20,6,QUINAYA LASHIRA AYANASADYA,N112 SWIMMING CLUB
14 - 25 M Gaya Dada KU A. B. C. D Putri,21,1,JOSIE FIEVEL THEN,PASIFIC SWIMMING CLUB
14 - 25 M Gaya Dada KU A. B. C. D Putri,21,2,ARETHA KIREI SYAHIRA,HN SWIMMING COURSE
14 - 25 M Gaya Dada KU A. B. C. D Putri,21,3,ADEEVA AGNIBRATA RAMADHANI,RIKO SWIMMING CLUB
14 - 25 M Gaya Dada KU A. B. C. D Putri,21,4,HANA LAMIA ADREENA,IN-HU SWIMMING CLUB
14 - 25 M Gaya Dada KU A. B. C. D Putri,21,5,MADINA ALMAHYRA MISHALL KISWORO,IN-HU SWIMMING CLUB
14 - 25 M Gaya Dada KU A. B. C. D Putri,21,6,MEDINAAZZAHRA,HN SWIMMING COURSE
15 - 25 M Gaya Bebas KU A. B. C. D Putra,01,1,AKMAL ALFARIZI SYAFANDARU,TKI SWIMMING COURSE
15 - 25 M Gaya Bebas KU A. B. C. D Putra,01,2,KHANOVA ALHAZEN ZUBAYR,ANTARKTIKA
15 - 25 M Gaya Bebas KU A. B. C. D Putra,01,3,DIMITRI LAZUARDI AGHNA MUCHTAR,TIRTA ADIPURA SWIMMING SCHOOL
15 - 25 M Gaya Bebas KU A. B. C. D Putra,02,1,RAFFAZA ARZAN ALREDO,HAPPY SWIMMING CLUB
15 - 25 M Gaya Bebas KU A. B. C. D Putra,02,2,SAMUEL NABONGGAL LASROHA SITUMORANG,TKI SWIMMING COURSE
15 - 25 M Gaya Bebas KU A. B. C. D Putra,02,3,AHMAD MUZAFFAR HARIYANTO,DOLPHIN CHERRY FIELD
15 - 25 M Gaya Bebas KU A. B. C. D Putra,02,4,SEAN ELVANO TJAHYADI,N112 SWIMMING CLUB
15 - 25 M Gaya Bebas KU A. B. C. D Putra,02,5,REZQIANO ALVIERO RASYAFA PRATAMA,TK SANDHY PUTRA
15 - 25 M Gaya Bebas KU A. B. C. D Putra,02,6,MUHAMMAD DZAKIR HABIBILLAH,HAPPY SWIMMING CLUB
15 - 25 M Gaya Bebas KU A. B. C. D Putra,03,1,ALVAR MOCHAMAD RAZAN,BLUE OCEAN AQUATIC CLUB
15 - 25 M Gaya Bebas KU A. B. C. D Putra,03,2,BERYL ALVA ANTONIO OEY,N112 SWIMMING CLUB
15 - 25 M Gaya Bebas KU A. B. C. D Putra,03,3,FILBERT OCTAVIANUS NL,ANTARKTIKA
15 - 25 M Gaya Bebas KU A. B. C. D Putra,03,4,CAYDEN MICHE LANGELO,ANTARKTIKA
15 - 25 M Gaya Bebas KU A. B. C. D Putra,03,5,AQMAR ZHAFRAN MULYA,HN SWIMMING COURSE
15 - 25 M Gaya Bebas KU A. B. C. D Putra,03,6,AIDAN ZABRAN AL-MA’ARIJ,TIRTA ADIPURA SWIMMING SCHOOL
15 - 25 M Gaya Bebas KU A. B. C. D Putra,04,1,KHAFI EL AZZAM NUGRAHA,IN-HU SWIMMING CLUB
15 - 25 M Gaya Bebas KU A. B. C. D Putra,04,2,MUHAMMAD IBRAHIM ATHARAZKA,FAMILY SC
15 - 25 M Gaya Bebas KU A. B. C. D Putra,04,3,MUHAMMAD ZAINI,N112 SWIMMING CLUB
15 - 25 M Gaya Bebas KU A. B. C. D Putra,04,4,MUHAMMAD RAYYAN FIRDAUS,MASCOT SWIMMING CLUB
15 - 25 M Gaya Bebas KU A. B. C. D Putra,04,5,LUCKY PUTRA RAMDANI,RIKO SWIMMING CLUB
15 - 25 M Gaya Bebas KU A. B. C. D Putra,04,6,KEENAN ABIMANYU AI FATIH,HAPPY SWIMMING CLUB
15 - 25 M Gaya Bebas KU A. B. C. D Putra,05,1,RYOICHI EVANO TJAHYADI,N112 SWIMMING CLUB
15 - 25 M Gaya Bebas KU A. B. C. D Putra,05,2,ALFAREZEL DAIVA MASASHI,TIRTA ADIPURA SWIMMING SCHOOL
15 - 25 M Gaya Bebas KU A. B. C. D Putra,05,3,EINAR AQEEL PURNAMA,PUTRA INTAN SWIMMING
15 - 25 M Gaya Bebas KU A. B. C. D Putra,05,4,BASTIAN EKA,N112 SWIMMING CLUB
15 - 25 M Gaya Bebas KU A. B. C. D Putra,05,5,WIRASATYA DEWANGGA ALTEZZA SUTOPO,EAGLES SWIMMING COURSE
15 - 25 M Gaya Bebas KU A. B. C. D Putra,05,6,RAFARDAN DWINATA PUTRA,ANTARKTIKA
15 - 25 M Gaya Bebas KU A. B. C. D Putra,06,1,FATIH ARKAN ALFARIZI,TIRTA ADIPURA SWIMMING SCHOOL
15 - 25 M Gaya Bebas KU A. B. C. D Putra,06,2,KHALID FADHIL BALADRAF,TETRA SWIMMING COURSE
15 - 25 M Gaya Bebas KU A. B. C. D Putra,06,3,THOR ARSENIO,DOLPHIN CHERRY FIELD
15 - 25 M Gaya Bebas KU A. B. C. D Putra,06,4,MACCA ALLI VIANDO,N112 SWIMMING CLUB
15 - 25 M Gaya Bebas KU A. B. C. D Putra,06,5,KENZO ABRISHAM ANSHARI,TKI SWIMMING COURSE
15 - 25 M Gaya Bebas KU A. B. C. D Putra,06,6,ELNATHAN ATENA BONG,ANTARKTIKA
15 - 25 M Gaya Bebas KU A. B. C. D Putra,07,1,KHALFAN ARFABIAN DEWANGGA,TKI SWIMMING COURSE
15 - 25 M Gaya Bebas KU A. B. C. D Putra,07,2,LAURENTIUS CLIFFTON RYU WIGUNA,N112 SWIMMING CLUB
15 - 25 M Gaya Bebas KU A. B. C. D Putra,07,3,MATTHEW DAMANIK,ANTARKTIKA
15 - 25 M Gaya Bebas KU A. B. C. D Putra,07,4,M. ADRIAN PRADIPTA AMZARI,MASCOT SWIMMING CLUB
15 - 25 M Gaya Bebas KU A. B. C. D Putra,07,5,KHANDRA ZAVAIR ALFAREZA,DA SWIMMING CLUB
15 - 25 M Gaya Bebas KU A. B. C. D Putra,07,6,ARIF MUHAMAD RIZWAN,FANTASTIC SWIMMING
15 - 25 M Gaya Bebas KU A. B. C. D Putra,08,1,MUHAMMAD ZIDAN ALFATH,RAJAWALI SC
15 - 25 M Gaya Bebas KU A. B. C. D Putra,08,2,RAKHA MUHAMMAD ZAAKIR ASHIDQI,SDN NEGLASARI
15 - 25 M Gaya Bebas KU A. B. C. D Putra,08,3,HARVEY GIOVAN CANDRA,PASIFIC SWIMMING CLUB
15 - 25 M Gaya Bebas KU A. B. C. D Putra,08,4,RAZKA YAHYA KANANTA,RIKO SWIMMING CLUB
15 - 25 M Gaya Bebas KU A. B. C. D Putra,08,5,RAINZCEDA GERALD HALIM,N112 SWIMMING CLUB
15 - 25 M Gaya Bebas KU A. B. C. D Putra,08,6,MUHAMMAD AKMAL ARSHAQ,BLUE OCEAN AQUATIC CLUB
16 - 25 M Gaya Bebas KU A. B. C. D Putri,01,1,ALESHA ZIYA YOANISA,BSL
16 - 25 M Gaya Bebas KU A. B. C. D Putri,01,2,FATHIYA SHAKA KIRANA,TIRTA ADIPURA SWIMMING SCHOOL
16 - 25 M Gaya Bebas KU A. B. C. D Putri,01,3,ARSHANAYA ZAINA AL-MAIDA,TIRTA ADIPURA SWIMMING SCHOOL
16 - 25 M Gaya Bebas KU A. B. C. D Putri,01,4,ADZKIYA AFTANI SUMARDI,BARRA SWIMMING CLUB
16 - 25 M Gaya Bebas KU A. B. C. D Putri,02,1,LEANA VINDYA,SUPER SWIMMING SCHOOL
16 - 25 M Gaya Bebas KU A. B. C. D Putri,02,2,TATJANA SHAQEENA NAZHALA AULIA,N112 SWIMMING CLUB
16 - 25 M Gaya Bebas KU A. B. C. D Putri,02,3,AISHA ALMAHYRA HIDAYAT,FAMILY SC
16 - 25 M Gaya Bebas KU A. B. C. D Putri,02,4,ADIFA RAVANIA DELIANDIRA,FAMILY SC
16 - 25 M Gaya Bebas KU A. B. C. D Putri,02,5,NIDA AINAN SALSABILA,ZAG SWIMMING SCHOOL
16 - 25 M Gaya Bebas KU A. B. C. D Putri,02,6,JESSLYN NATANIELA LIMANJAYA,N112 SWIMMING CLUB
16 - 25 M Gaya Bebas KU A. B. C. D Putri,03,1,JECYLA GUISENA,SUPER SWIMMING SCHOOL
16 - 25 M Gaya Bebas KU A. B. C. D Putri,03,2,ALESHA SYIFA KAYYISA SOLEHAH,HAPPY SWIMMING CLUB
16 - 25 M Gaya Bebas KU A. B. C. D Putri,03,3,ALISHA KHANZA ZAFIRA AFFANDI,HAPPY SWIMMING CLUB
16 - 25 M Gaya Bebas KU A. B. C. D Putri,03,4,ALEXANDRA KYORA MALIKA SUBAGYO,N112 SWIMMING CLUB
16 - 25 M Gaya Bebas KU A. B. C. D Putri,03,5,KENANG GAMILA JENAKA,SD PELITA FAJAR
16 - 25 M Gaya Bebas KU A. B. C. D Putri,03,6,FATHIYYA KHAIRUNNISA YASMINE,RIKO SWIMMING CLUB
16 - 25 M Gaya Bebas KU A. B. C. D Putri,04,1,AZIFAH MUAZARA MAULANA,TIRTA ADIPURA SWIMMING SCHOOL
16 - 25 M Gaya Bebas KU A. B. C. D Putri,04,2,DAHAYU HALONA SOFYAN,EAGLES SWIMMING COURSE
16 - 25 M Gaya Bebas KU A. B. C. D Putri,04,3,MIKAYLA SITINOURAH SHALDIN,HAPPY SWIMMING CLUB
16 - 25 M Gaya Bebas KU A. B. C. D Putri,04,4,DEWI TAMASRIFAH MAHARANI,ANTARKTIKA
16 - 25 M Gaya Bebas KU A. B. C. D Putri,04,5,AZKIYA DIYANA RASPATI,HN SWIMMING COURSE
16 - 25 M Gaya Bebas KU A. B. C. D Putri,04,6,ALMIRA SHAFARINA ZAFIRA,SDN BARUJATI
16 - 25 M Gaya Bebas KU A. B. C. D Putri,05,1,SHAEHETTE ALESHA ATHAYA,TIRTA ADIPURA SWIMMING SCHOOL
16 - 25 M Gaya Bebas KU A. B. C. D Putri,05,2,SYAKIRA SHAQUEENA HUMAIRA,BLUE OCEAN AQUATIC CLUB
16 - 25 M Gaya Bebas KU A. B. C. D Putri,05,3,ADIFA ASHALINA NURFAUZIAH,MASCOT SWIMMING CLUB
16 - 25 M Gaya Bebas KU A. B. C. D Putri,05,4,SYAQQIA AISYAH RAHMAN,SWIMPLAY
16 - 25 M Gaya Bebas KU A. B. C. D Putri,05,5,SHEINA ALESHA BIANKA,RIKO SWIMMING CLUB
16 - 25 M Gaya Bebas KU A. B. C. D Putri,05,6,REIKO MIKAYLA ATAYA,TKI SWIMMING COURSE
16 - 25 M Gaya Bebas KU A. B. C. D Putri,06,1,SARAH SALSABILA RIZKIA,TIRTA ADIPURA SWIMMING SCHOOL
16 - 25 M Gaya Bebas KU A. B. C. D Putri,06,2,JOSIE FIEVEL THEN,PASIFIC SWIMMING CLUB
16 - 25 M Gaya Bebas KU A. B. C. D Putri,06,3,ADEEVA AGNIBRATA RAMADHANI,RIKO SWIMMING CLUB
16 - 25 M Gaya Bebas KU A. B. C. D Putri,06,4,ZEVANNA JASMINE ZAVIERRA,IN-HU SWIMMING CLUB
16 - 25 M Gaya Bebas KU A. B. C. D Putri,06,5,SHAQELLA GHANIA PUTRI PRASETYO,FAMILY SC
16 - 25 M Gaya Bebas KU A. B. C. D Putri,06,6,KHANZA AZKADINA SM,HN SWIMMING COURSE
17 - 25 M Gaya Kupu-Kupu KU B. C. D Putra,01,2,WIRASATYA DEWANGGA ALTEZZA SUTOPO,EAGLES SWIMMING COURSE
17 - 25 M Gaya Kupu-Kupu KU B. C. D Putra,01,3,AIDAN ZABRAN AL-MA’ARIJ,TIRTA ADIPURA SWIMMING SCHOOL
17 - 25 M Gaya Kupu-Kupu KU B. C. D Putra,02,1,ELNATHAN ATENA BONG,ANTARKTIKA
17 - 25 M Gaya Kupu-Kupu KU B. C. D Putra,02,2,GALEN EDWARD HAGAN,EAGLES SWIMMING COURSE
17 - 25 M Gaya Kupu-Kupu KU B. C. D Putra,02,3,MUHAMMAD RASYA ATHAYA,IN-HU SWIMMING CLUB
17 - 25 M Gaya Kupu-Kupu KU B. C. D Putra,02,4,HARVEY GIOVAN CANDRA,PASIFIC SWIMMING CLUB
17 - 25 M Gaya Kupu-Kupu KU B. C. D Putra,02,5,FATIH ARKAN ALFARIZI,TIRTA ADIPURA SWIMMING SCHOOL
17 - 25 M Gaya Kupu-Kupu KU B. C. D Putra,02,6,ALFAREZEL DAIVA MASASHI,TIRTA ADIPURA SWIMMING SCHOOL
18 - 25 M Gaya Kupu-Kupu KU B. C. D Putri,01,2,FATHIYYA KHAIRUNNISA YASMINE,RIKO SWIMMING CLUB
18 - 25 M Gaya Kupu-Kupu KU B. C. D Putri,01,3,ALMEERA KHAIRUN NISA,TIRTA ADIPURA SWIMMING SCHOOL
18 - 25 M Gaya Kupu-Kupu KU B. C. D Putri,02,1,KAILA SHERLY SYIFA BELLA,SN BURUYNGOJAY
18 - 25 M Gaya Kupu-Kupu KU B. C. D Putri,02,2,RISTI SYAUQIYATUL JANNAH,SDN NEGLASARI
18 - 25 M Gaya Kupu-Kupu KU B. C. D Putri,02,3,ADEEVA AGNIBRATA RAMADHANI,RIKO SWIMMING CLUB
18 - 25 M Gaya Kupu-Kupu KU B. C. D Putri,02,4,ZEVANNA JASMINE ZAVIERRA,IN-HU SWIMMING CLUB
18 - 25 M Gaya Kupu-Kupu KU B. C. D Putri,02,5,NAYRA NADHIFA RIYANDI,SD IT NUR AL RAHMAN
18 - 25 M Gaya Kupu-Kupu KU B. C. D Putri,02,6,SHAEHETTE ALESHA ATHAYA,TIRTA ADIPURA SWIMMING SCHOOL
19 - 25 M Gaya Punggung KU B. C. D Putra,01,2,ALVAR MOCHAMAD RAZAN,BLUE OCEAN AQUATIC CLUB
19 - 25 M Gaya Punggung KU B. C. D Putra,01,3,AIDAN ZABRAN AL-MA’ARIJ,TIRTA ADIPURA SWIMMING SCHOOL
19 - 25 M Gaya Punggung KU B. C. D Putra,02,1,ALFAREZEL DAIVA MASASHI,TIRTA ADIPURA SWIMMING SCHOOL
19 - 25 M Gaya Punggung KU B. C. D Putra,02,2,HARVEY GIOVAN CANDRA,PASIFIC SWIMMING CLUB
19 - 25 M Gaya Punggung KU B. C. D Putra,02,3,ADAM HABIBIE ALHADI,SWIMPLAY
19 - 25 M Gaya Punggung KU B. C. D Putra,02,4,MUHAMMAD AZKA DERMAWANSYAH,BLUE OCEAN AQUATIC CLUB
19 - 25 M Gaya Punggung KU B. C. D Putra,02,5,FATIH ARKAN ALFARIZI,TIRTA ADIPURA SWIMMING SCHOOL
20 - 25 M Gaya Punggung KU B. C. D Putri,01,1,JOSIE FIEVEL THEN,PASIFIC SWIMMING CLUB
20 - 25 M Gaya Punggung KU B. C. D Putri,01,2,AZIFAH MUAZARA MAULANA,TIRTA ADIPURA SWIMMING SCHOOL
20 - 25 M Gaya Punggung KU B. C. D Putri,01,3,MAURA ZAIDA ARRASYID,SWIMPLAY
20 - 25 M Gaya Punggung KU B. C. D Putri,01,4,ALMEERA KHAIRUN NISA,TIRTA ADIPURA SWIMMING SCHOOL
20 - 25 M Gaya Punggung KU B. C. D Putri,02,1,SYAKIRA SHAQUEENA HUMAIRA,BLUE OCEAN AQUATIC CLUB
20 - 25 M Gaya Punggung KU B. C. D Putri,02,2,ADEEVA AGNIBRATA RAMADHANI,RIKO SWIMMING CLUB
20 - 25 M Gaya Punggung KU B. C. D Putri,02,3,ARETHA KIREI SYAHIRA,HN SWIMMING COURSE
20 - 25 M Gaya Punggung KU B. C. D Putri,02,4,GARASHYA PUTRI GAVA WILLYARTO,SDIT BINTANG ISLAM
20 - 25 M Gaya Punggung KU B. C. D Putri,02,5,SYAQQIA AISYAH RAHMAN,SWIMPLAY
20 - 25 M Gaya Punggung KU B. C. D Putri,02,6,SHAEHETTE ALESHA ATHAYA,TIRTA ADIPURA SWIMMING SCHOOL
21 - 25 M Kaki Dada + Papan KU E. F Putra,01,2,AHSAN FADHILLAH PUTRA DHIKA,ZAG SWIMMING SCHOOL
21 - 25 M Kaki Dada + Papan KU E. F Putra,01,3,ADAM EL BASYA SETIADI,SDN MAGUNG 01
22 - 25 M Kaki Dada + Papan KU E. F Putri,01,2,ABIGAIL SHAKILA ATMARINI DELLA,HAPPY SWIMMING CLUB
22 - 25 M Kaki Dada + Papan KU E. F Putri,01,3,SHAKILA CLARA ATMARINI,SDIT BINTANG ISLAM
23 - 25 M Kaki Bebas + Papan KU E. F Putra,01,2,DAWA FATIH ABDURROHIM NUMBARA,SAMPOERNA SWIMMING CLUB
23 - 25 M Kaki Bebas + Papan KU E. F Putra,01,3,ALFONSUS ARSES DA COSTA TILMAN,TALENTA SCHOOL
23 - 25 M Kaki Bebas + Papan KU E. F Putra,02,1,DEDEN SETIAWAN MURTI,SDN NEGLASARI 1
23 - 25 M Kaki Bebas + Papan KU E. F Putra,02,2,UMAR ZAIN ROFIQ,TKI SWIMMING COURSE
23 - 25 M Kaki Bebas + Papan KU E. F Putra,02,3,MUHAMMAD  ATHAYA AKMAL,HAPPY SWIMMING CLUB
23 - 25 M Kaki Bebas + Papan KU E. F Putra,02,4,FAIZ ADHITYA BHAKTI,ANTARKTIKA
23 - 25 M Kaki Bebas + Papan KU E. F Putra,02,5,LAVIRGAZH DANUZDA BAZTARUV,DOLPHIN CHERRY FIELD
24 - 25 M Kaki Bebas + Papan KU E. F Putri,01,1,ALULA DIFIA AMBERLYN,SWIMPLAY
24 - 25 M Kaki Bebas + Papan KU E. F Putri,01,2,AZMYA RATIFA,DOLPHIN CHERRY FIELD
24 - 25 M Kaki Bebas + Papan KU E. F Putri,01,3,AMELIA PUTRI RAHMADHANI,FANTASTIC SWIMMING
24 - 25 M Kaki Bebas + Papan KU E. F Putri,02,1,SHAKILA CLARA ATMARINI,SDIT BINTANG ISLAM
24 - 25 M Kaki Bebas + Papan KU E. F Putri,02,2,FREYA AIMARA SALSABILA,DOLPHIN CHERRY FIELD
24 - 25 M Kaki Bebas + Papan KU E. F Putri,02,3,SYADZA AFSHEEN ELSHANUM BANGKIT,N112 SWIMMING CLUB
24 - 25 M Kaki Bebas + Papan KU E. F Putri,02,4,MIKAILA INARA MUKHBITHA,FANTASTIC SWIMMING
24 - 25 M Kaki Bebas + Papan KU E. F Putri,02,5,ATHENA SYARA RAFANI FIRMANSYAH,FANTASTIC SWIMMING
24 - 25 M Kaki Bebas + Papan KU E. F Putri,02,6,SHAKILA ALMAHYRA,N112 SWIMMING CLUB
25 - 25 M Kaki Bebas Fins + Papan KU E. F Putra,01,1,JHON MARCKO SIAHAAN,MASCOT SWIMMING CLUB
25 - 25 M Kaki Bebas Fins + Papan KU E. F Putra,01,2,M. SYATHIR MAJID MATONDANG,DOLPHIN CHERRY FIELD
25 - 25 M Kaki Bebas Fins + Papan KU E. F Putra,01,3,RAMA RISKIYANI HASYIM,MASCOT SWIMMING CLUB
25 - 25 M Kaki Bebas Fins + Papan KU E. F Putra,01,4,RAKHAANDRA RAFASSYA ATHARIZZ,MASCOT SWIMMING CLUB
25 - 25 M Kaki Bebas Fins + Papan KU E. F Putra,01,5,M AMMAR FIRDAUS,SAMPOERNA SWIMMING CLUB
25 - 25 M Kaki Bebas Fins + Papan KU E. F Putra,01,6,AHSAN NUGRAHA HERMAWAN,TIRTA ADIPURA SWIMMING SCHOOL
25 - 25 M Kaki Bebas Fins + Papan KU E. F Putra,02,1,SALMAN HAFIZH HERMAWAN,N112 SWIMMING CLUB
25 - 25 M Kaki Bebas Fins + Papan KU E. F Putra,02,2,CAKA AIRLANGGA ALBY,ANTARKTIKA
25 - 25 M Kaki Bebas Fins + Papan KU E. F Putra,02,3,MUHAMMAD BADY TSANY FAUSTIN RISDIANTO,EAGLES SWIMMING COURSE
25 - 25 M Kaki Bebas Fins + Papan KU E. F Putra,02,4,MIFTAH AULIA,MASCOT SWIMMING CLUB
25 - 25 M Kaki Bebas Fins + Papan KU E. F Putra,02,5,AL GHAZALI TSAQIB RABBANI,MASCOT SWIMMING CLUB
25 - 25 M Kaki Bebas Fins + Papan KU E. F Putra,02,6,RYSHAKA VIRENDRA YUDISTIRA,BARRA SWIMMING CLUB
25 - 25 M Kaki Bebas Fins + Papan KU E. F Putra,03,1,MUHAMMAD SULTAN SYAHPUTRA,MASCOT SWIMMING CLUB
25 - 25 M Kaki Bebas Fins + Papan KU E. F Putra,03,2,DIRGA PRATAMA,HN SWIMMING COURSE
25 - 25 M Kaki Bebas Fins + Papan KU E. F Putra,03,3,AHSAN ABDUL HAADI,SAMPOERNA SWIMMING CLUB
25 - 25 M Kaki Bebas Fins + Papan KU E. F Putra,03,4,DIKI RIZKI MAULANA,SAMPOERNA SWIMMING CLUB
25 - 25 M Kaki Bebas Fins + Papan KU E. F Putra,03,5,MUHAMMAD VIDIC YOSSIKA,MASCOT SWIMMING CLUB
25 - 25 M Kaki Bebas Fins + Papan KU E. F Putra,03,6,MUHAMMAD SABDA KUSUMAH,MASCOT SWIMMING CLUB
26 - 25 M Kaki Bebas Fins + Papan KU E. F Putri,01,1,ALEEA FARAH RAMADANI,ZAG SWIMMING SCHOOL
26 - 25 M Kaki Bebas Fins + Papan KU E. F Putri,01,2,ALMIRA DWI FITRIA SETIAWAN,MASCOT SWIMMING CLUB
26 - 25 M Kaki Bebas Fins + Papan KU E. F Putri,01,3,ALIYYA SALSABILA KOMARA,TRILOGY SWIMMING COURSE
26 - 25 M Kaki Bebas Fins + Papan KU E. F Putri,02,1,FRANSISKA ADELIA MUNTHE,MASCOT SWIMMING CLUB
26 - 25 M Kaki Bebas Fins + Papan KU E. F Putri,02,2,MUTIARA QISTI HAIJATUL MAULA,MASCOT SWIMMING CLUB
26 - 25 M Kaki Bebas Fins + Papan KU E. F Putri,02,3,SYADZIA ZAHRATUSITA ISKANDAR,TRILOGY SWIMMING COURSE
26 - 25 M Kaki Bebas Fins + Papan KU E. F Putri,02,4,SHAKILA CLARA ATMARINI,SDIT BINTANG ISLAM
26 - 25 M Kaki Bebas Fins + Papan KU E. F Putri,02,5,LUBNA NAIMAH,MASCOT SWIMMING CLUB
26 - 25 M Kaki Bebas Fins + Papan KU E. F Putri,02,6,ANINDHITA AFSHEENA SAQEENA,MASCOT SWIMMING CLUB
26 - 25 M Kaki Bebas Fins + Papan KU E. F Putri,03,1,ABIGAIL SHAKILA ATMARINI DELLA,HAPPY SWIMMING CLUB
26 - 25 M Kaki Bebas Fins + Papan KU E. F Putri,03,2,QUEENSHA ADZKIA FAKHIRA,MASCOT SWIMMING CLUB
26 - 25 M Kaki Bebas Fins + Papan KU E. F Putri,03,3,ADEEVA AINA MUKHBITA ZALFA,HN SWIMMING COURSE
26 - 25 M Kaki Bebas Fins + Papan KU E. F Putri,03,4,SRI MULYANI LATIFAH,MASCOT SWIMMING CLUB
26 - 25 M Kaki Bebas Fins + Papan KU E. F Putri,03,5,ADILLA NISA ARDANI,MASCOT SWIMMING CLUB
26 - 25 M Kaki Bebas Fins + Papan KU E. F Putri,03,6,ZAHRA AULIA NURRAISA,FANTASTIC SWIMMING
27 - 25 M Gaya Kupu-Kupu Fins KU E. F. G. H Putra,01,1,AHSAN NUGRAHA HERMAWAN,TIRTA ADIPURA SWIMMING SCHOOL
27 - 25 M Gaya Kupu-Kupu Fins KU E. F. G. H Putra,01,2,ATAYA AGASTHYA NARARYA,N112 SWIMMING CLUB
27 - 25 M Gaya Kupu-Kupu Fins KU E. F. G. H Putra,01,3,ALRESCHA IDYZRAF SHAKEEL,RIKO SWIMMING CLUB
27 - 25 M Gaya Kupu-Kupu Fins KU E. F. G. H Putra,02,1,GIBRAN ALFARIZKY,TKI SWIMMING COURSE
27 - 25 M Gaya Kupu-Kupu Fins KU E. F. G. H Putra,02,2,MOH. HAFIZ PUTRA,MI AL-FURQON BANDUNG
27 - 25 M Gaya Kupu-Kupu Fins KU E. F. G. H Putra,02,3,MUHAMMAD GANIF ABIDZAR ZAKIANDRA,RIKO SWIMMING CLUB
27 - 25 M Gaya Kupu-Kupu Fins KU E. F. G. H Putra,02,4,MUHAMAD GHAZWAN AL HAWARI,PUTRA INTAN SWIMMING
27 - 25 M Gaya Kupu-Kupu Fins KU E. F. G. H Putra,02,5,JHON MARCKO SIAHAAN,MASCOT SWIMMING CLUB
27 - 25 M Gaya Kupu-Kupu Fins KU E. F. G. H Putra,02,6,FAIREL ALFARIZQI RAMADHAN,SN BURUYNGOJAY
27 - 25 M Gaya Kupu-Kupu Fins KU E. F. G. H Putra,03,1,RADIKHA GIBRAN ZEVTRIANSYAH,SN BURUYNGOJAY
27 - 25 M Gaya Kupu-Kupu Fins KU E. F. G. H Putra,03,2,RAMA RISKIYANI HASYIM,MASCOT SWIMMING CLUB
27 - 25 M Gaya Kupu-Kupu Fins KU E. F. G. H Putra,03,3,ZEIN ALI MUTAQIN,PUTRA INTAN SWIMMING
27 - 25 M Gaya Kupu-Kupu Fins KU E. F. G. H Putra,03,4,RIKI ABIYASA,SN BURUYNGOJAY
27 - 25 M Gaya Kupu-Kupu Fins KU E. F. G. H Putra,03,5,RAKHAANDRA RAFASSYA ATHARIZZ,MASCOT SWIMMING CLUB
27 - 25 M Gaya Kupu-Kupu Fins KU E. F. G. H Putra,03,6,PATIH AIDAN SOEWARDI,HN SWIMMING COURSE
27 - 25 M Gaya Kupu-Kupu Fins KU E. F. G. H Putra,04,1,ALDIANOF SUGIAWAN,SWIMMING ACADEMY CENTER GARUT
27 - 25 M Gaya Kupu-Kupu Fins KU E. F. G. H Putra,04,2,ALTHAF BENZEMA,RIKO SWIMMING CLUB
27 - 25 M Gaya Kupu-Kupu Fins KU E. F. G. H Putra,04,3,DASTAN RAMADHAN HIMBAR BUANA,TETRA SWIMMING COURSE
27 - 25 M Gaya Kupu-Kupu Fins KU E. F. G. H Putra,04,4,ALVIANDY NUR MUHAMMAD,SN BURUYNGOJAY
27 - 25 M Gaya Kupu-Kupu Fins KU E. F. G. H Putra,04,5,ALKHALIFI ZIKRI HADIKUSUMA,SN BURUYNGOJAY
27 - 25 M Gaya Kupu-Kupu Fins KU E. F. G. H Putra,04,6,AL GHAZALI TSAQIB RABBANI,MASCOT SWIMMING CLUB
27 - 25 M Gaya Kupu-Kupu Fins KU E. F. G. H Putra,05,1,FAIZ LAKSMANA DWIPUTRA,REX SPORT CLUB
27 - 25 M Gaya Kupu-Kupu Fins KU E. F. G. H Putra,05,2,MICHAEL EFRAIM CHANDRA,HAPPY SWIMMING CLUB
27 - 25 M Gaya Kupu-Kupu Fins KU E. F. G. H Putra,05,3,MUHAMMAD GIRI BADARUDDIN KAMIL,ANTARKTIKA
27 - 25 M Gaya Kupu-Kupu Fins KU E. F. G. H Putra,05,4,MUHAMMAD  ATHAYA AKMAL,HAPPY SWIMMING CLUB
27 - 25 M Gaya Kupu-Kupu Fins KU E. F. G. H Putra,05,5,KENT PRANAJA IRAWAN,SN BURUYNGOJAY
27 - 25 M Gaya Kupu-Kupu Fins KU E. F. G. H Putra,05,6,ELVIN KWAN,HAPPY SWIMMING CLUB
27 - 25 M Gaya Kupu-Kupu Fins KU E. F. G. H Putra,06,1,MUHAMMAD VIDIC YOSSIKA,MASCOT SWIMMING CLUB
27 - 25 M Gaya Kupu-Kupu Fins KU E. F. G. H Putra,06,2,VAREL MARULI SIAHAAN,MASCOT SWIMMING CLUB
27 - 25 M Gaya Kupu-Kupu Fins KU E. F. G. H Putra,06,3,HADANA SUPRIATNA,REX SPORT CLUB
27 - 25 M Gaya Kupu-Kupu Fins KU E. F. G. H Putra,06,4,WILDAN WIRANATA KUSTIAWAN,SN BURUYNGOJAY
27 - 25 M Gaya Kupu-Kupu Fins KU E. F. G. H Putra,06,5,RIZKIA M SIDIQ,SWIMMING ACADEMY CENTER GARUT
27 - 25 M Gaya Kupu-Kupu Fins KU E. F. G. H Putra,06,6,MUHAMMAD SABDA KUSUMAH,MASCOT SWIMMING CLUB
27 - 25 M Gaya Kupu-Kupu Fins KU E. F. G. H Putra,07,1,ABID AQILA PRANAJA,MASCOT SWIMMING CLUB
27 - 25 M Gaya Kupu-Kupu Fins KU E. F. G. H Putra,07,2,AMJAD MUHAMMAD ZAFRAN,MASCOT SWIMMING CLUB
27 - 25 M Gaya Kupu-Kupu Fins KU E. F. G. H Putra,07,3,BAGJA RAJIB PRATAMA,N112 SWIMMING CLUB
27 - 25 M Gaya Kupu-Kupu Fins KU E. F. G. H Putra,07,4,AZFAR RAMADAN,MASCOT SWIMMING CLUB
27 - 25 M Gaya Kupu-Kupu Fins KU E. F. G. H Putra,07,5,ABYANDRA HAIDAR ADYATAMA,N112 SWIMMING CLUB
27 - 25 M Gaya Kupu-Kupu Fins KU E. F. G. H Putra,07,6,MUHAMMAD KUDYA HYANG,N112 SWIMMING CLUB
27 - 25 M Gaya Kupu-Kupu Fins KU E. F. G. H Putra,08,1,GILBI AL GHIFARI R,ZAG SWIMMING SCHOOL
27 - 25 M Gaya Kupu-Kupu Fins KU E. F. G. H Putra,08,2,MOHAMAD AZZAM ARRAFIF,MASCOT SWIMMING CLUB
27 - 25 M Gaya Kupu-Kupu Fins KU E. F. G. H Putra,08,3,ZULFAN AKBAR ALKAUTSAR,MASCOT SWIMMING CLUB
27 - 25 M Gaya Kupu-Kupu Fins KU E. F. G. H Putra,08,4,MUHAMMAD ARRASY HABIBIE,HAPPY SWIMMING CLUB
27 - 25 M Gaya Kupu-Kupu Fins KU E. F. G. H Putra,08,5,MOCHAMMAD RIZQI ALLGHYFANI,TIRTA ADIPURA SWIMMING SCHOOL
27 - 25 M Gaya Kupu-Kupu Fins KU E. F. G. H Putra,08,6,BILAL FARROS ZAYD AL-AMIN,MASCOT SWIMMING CLUB
27 - 25 M Gaya Kupu-Kupu Fins KU E. F. G. H Putra,09,1,ALFATIH AMAR,ANTARKTIKA
27 - 25 M Gaya Kupu-Kupu Fins KU E. F. G. H Putra,09,2,DAFFA KHAIRUL AZZAM,MASCOT SWIMMING CLUB
27 - 25 M Gaya Kupu-Kupu Fins KU E. F. G. H Putra,09,3,MUHAMMAD RADIT NAUFAL ABDILLAH,MASCOT SWIMMING CLUB
27 - 25 M Gaya Kupu-Kupu Fins KU E. F. G. H Putra,09,4,MUHAMMAD AFLAH ROMADHON,DIAMOND SWIMMING CLUB
27 - 25 M Gaya Kupu-Kupu Fins KU E. F. G. H Putra,09,5,CARLO RAFAEL,ANTARKTIKA
27 - 25 M Gaya Kupu-Kupu Fins KU E. F. G. H Putra,09,6,ALDWYNE SETIAWAN,HAPPY SWIMMING CLUB
27 - 25 M Gaya Kupu-Kupu Fins KU E. F. G. H Putra,10,1,NAFAR MUHAMMAD AFTHANI,HN SWIMMING COURSE
27 - 25 M Gaya Kupu-Kupu Fins KU E. F. G. H Putra,10,2,MUHAMMAD RILO PAMBUDI,SDIT USWATUN HASANAH
27 - 25 M Gaya Kupu-Kupu Fins KU E. F. G. H Putra,10,3,GIOVANI PUTRA,IN-HU SWIMMING CLUB
27 - 25 M Gaya Kupu-Kupu Fins KU E. F. G. H Putra,10,4,ANSGARIUS SAKA,SDK 6 BPK PENABUR
27 - 25 M Gaya Kupu-Kupu Fins KU E. F. G. H Putra,10,5,MAGENTA SAKHA ALKHALIFI,HN SWIMMING COURSE
27 - 25 M Gaya Kupu-Kupu Fins KU E. F. G. H Putra,10,6,RAFA PERMANA PUTRA,HN SWIMMING COURSE
28 - 25 M Gaya Kupu-Kupu Fins KU E. F. G. H Putri,01,2,ANINDIA DWI PUTRI,REX SPORT CLUB
28 - 25 M Gaya Kupu-Kupu Fins KU E. F. G. H Putri,01,3,ADELIYA ANINDITA LUKMAN,HN SWIMMING COURSE
28 - 25 M Gaya Kupu-Kupu Fins KU E. F. G. H Putri,02,1,FATIMAH SYAKIRA TASHDIQ,SDIT BINTANG ISLAM
28 - 25 M Gaya Kupu-Kupu Fins KU E. F. G. H Putri,02,2,MUTIARA QISTI HAIJATUL MAULA,MASCOT SWIMMING CLUB
28 - 25 M Gaya Kupu-Kupu Fins KU E. F. G. H Putri,02,3,RAHHER AMIRA ZAHRANI,N112 SWIMMING CLUB
28 - 25 M Gaya Kupu-Kupu Fins KU E. F. G. H Putri,02,4,NOYA MALAYEKA ARHAN,ZAG SWIMMING SCHOOL
28 - 25 M Gaya Kupu-Kupu Fins KU E. F. G. H Putri,02,5,FRANSISKA ADELIA MUNTHE,MASCOT SWIMMING CLUB
28 - 25 M Gaya Kupu-Kupu Fins KU E. F. G. H Putri,02,6,ANNAJMA KEIKO AZAREIN,N112 SWIMMING CLUB
28 - 25 M Gaya Kupu-Kupu Fins KU E. F. G. H Putri,03,1,TSABRINA AURELIA RAVINZA,REX SPORT CLUB
28 - 25 M Gaya Kupu-Kupu Fins KU E. F. G. H Putri,03,2,LEYSA EVELYNA ASYIFA,N112 SWIMMING CLUB
28 - 25 M Gaya Kupu-Kupu Fins KU E. F. G. H Putri,03,3,FATMA FARIISHTA FAOZAN,N112 SWIMMING CLUB
28 - 25 M Gaya Kupu-Kupu Fins KU E. F. G. H Putri,03,4,ADILLA NISA ARDANI,MASCOT SWIMMING CLUB
28 - 25 M Gaya Kupu-Kupu Fins KU E. F. G. H Putri,03,5,ZHEVANA PUTRI EFFENDI,BARRA SWIMMING CLUB
28 - 25 M Gaya Kupu-Kupu Fins KU E. F. G. H Putri,03,6,RAISA ALMEIRA CANDRA,SN BURUYNGOJAY
28 - 25 M Gaya Kupu-Kupu Fins KU E. F. G. H Putri,04,1,KANAYA KHANZA HIMAWAN,HAPPY SWIMMING CLUB
28 - 25 M Gaya Kupu-Kupu Fins KU E. F. G. H Putri,04,2,SHIRIN AFIEF BAASIR,ANTARKTIKA
28 - 25 M Gaya Kupu-Kupu Fins KU E. F. G. H Putri,04,3,SYAKILA AZURA AKMALIYAH,N112 SWIMMING CLUB
28 - 25 M Gaya Kupu-Kupu Fins KU E. F. G. H Putri,04,4,SRI MULYANI LATIFAH,MASCOT SWIMMING CLUB
28 - 25 M Gaya Kupu-Kupu Fins KU E. F. G. H Putri,04,5,NAZWA NURMAULIDA S,N112 SWIMMING CLUB
28 - 25 M Gaya Kupu-Kupu Fins KU E. F. G. H Putri,04,6,GANESHA LINTANG PRAKA,YOURSWIMM
28 - 25 M Gaya Kupu-Kupu Fins KU E. F. G. H Putri,05,1,GISEL HASTRI SITANGGANG,MASCOT SWIMMING CLUB
28 - 25 M Gaya Kupu-Kupu Fins KU E. F. G. H Putri,05,2,KATARINA CLAIRINE NAOMI WIGUNA,N112 SWIMMING CLUB
28 - 25 M Gaya Kupu-Kupu Fins KU E. F. G. H Putri,05,3,NADILA PUTRI KUSTIANI,SN BURUYNGOJAY
28 - 25 M Gaya Kupu-Kupu Fins KU E. F. G. H Putri,05,4,NADA HAURA NAZHIFA,SN BURUYNGOJAY
28 - 25 M Gaya Kupu-Kupu Fins KU E. F. G. H Putri,05,5,KANAYA ZAHRA LALITA,IN-HU SWIMMING CLUB
28 - 25 M Gaya Kupu-Kupu Fins KU E. F. G. H Putri,05,6,ZIANKA MAZAYA ELSHANUM ANANTO,TKI SWIMMING COURSE
28 - 25 M Gaya Kupu-Kupu Fins KU E. F. G. H Putri,06,1,NINDY NUR MAHDALIFA,SN BURUYNGOJAY
28 - 25 M Gaya Kupu-Kupu Fins KU E. F. G. H Putri,06,2,ALIFIA NAUFALIN JULIA RABBANI,MASCOT SWIMMING CLUB
28 - 25 M Gaya Kupu-Kupu Fins KU E. F. G. H Putri,06,3,AQEELA NARAYA MARINDRA PUTRI,MASCOT SWIMMING CLUB
28 - 25 M Gaya Kupu-Kupu Fins KU E. F. G. H Putri,06,4,ANJELITA SETYAWAN,IN-HU SWIMMING CLUB
28 - 25 M Gaya Kupu-Kupu Fins KU E. F. G. H Putri,06,5,ZAHRA NUR OKTAVIANI,SN BURUYNGOJAY
28 - 25 M Gaya Kupu-Kupu Fins KU E. F. G. H Putri,06,6,NASHWA AZZAHRA,SN BURUYNGOJAY
28 - 25 M Gaya Kupu-Kupu Fins KU E. F. G. H Putri,07,1,ASYFA NISSA BALQIES,PUTRA INTAN SWIMMING
28 - 25 M Gaya Kupu-Kupu Fins KU E. F. G. H Putri,07,2,FIKRATUHA NAJIBAH ZAFIRAH,MASCOT SWIMMING CLUB
28 - 25 M Gaya Kupu-Kupu Fins KU E. F. G. H Putri,07,3,NURUL AZAHRA RITONGA,MASCOT SWIMMING CLUB
28 - 25 M Gaya Kupu-Kupu Fins KU E. F. G. H Putri,07,4,NIQIFA KIRANI SETIAWAN,SN BURUYNGOJAY
28 - 25 M Gaya Kupu-Kupu Fins KU E. F. G. H Putri,07,5,CATALEYA JANEETA ARDHYAKSA,N112 SWIMMING CLUB
28 - 25 M Gaya Kupu-Kupu Fins KU E. F. G. H Putri,07,6,ASSYIFATU HAIFA FITRIA,MASCOT SWIMMING CLUB
28 - 25 M Gaya Kupu-Kupu Fins KU E. F. G. H Putri,08,1,SHABIRA SALFA ARIFFIA,SWIMMING ACADEMY CENTER GARUT
28 - 25 M Gaya Kupu-Kupu Fins KU E. F. G. H Putri,08,2,KATHERINE OLIVIA ASWIN,PASIFIC SWIMMING CLUB
28 - 25 M Gaya Kupu-Kupu Fins KU E. F. G. H Putri,08,3,KYONA ZOLA LAMBERTUS,SAMPOERNA SWIMMING CLUB
28 - 25 M Gaya Kupu-Kupu Fins KU E. F. G. H Putri,08,4,DEWIE DELIA NUR ANNISA,HN SWIMMING COURSE
28 - 25 M Gaya Kupu-Kupu Fins KU E. F. G. H Putri,08,5,FANISHA DIVYA ALMAHIRA,HN SWIMMING COURSE
28 - 25 M Gaya Kupu-Kupu Fins KU E. F. G. H Putri,08,6,RACHEL GAENORETHA APTAODELLA,TKI SWIMMING COURSE
29 - 25 M Gaya Bebas Fins KU E. F. G. H Putra,01,1,M. HAYKAL ANANTA P LUBIS,N112 SWIMMING CLUB
29 - 25 M Gaya Bebas Fins KU E. F. G. H Putra,01,2,AHSAN NUGRAHA HERMAWAN,TIRTA ADIPURA SWIMMING SCHOOL
29 - 25 M Gaya Bebas Fins KU E. F. G. H Putra,01,3,ADAM HAYKAL RAFARDHAN,SDN 1  CIBURUY
29 - 25 M Gaya Bebas Fins KU E. F. G. H Putra,02,1,ALFONSUS ARSES DA COSTA TILMAN,TALENTA SCHOOL
29 - 25 M Gaya Bebas Fins KU E. F. G. H Putra,02,2,ARKANA SHAKEEL ELFATIH,N112 SWIMMING CLUB
29 - 25 M Gaya Bebas Fins KU E. F. G. H Putra,02,3,ATAYA AGASTHYA NARARYA,N112 SWIMMING CLUB
29 - 25 M Gaya Bebas Fins KU E. F. G. H Putra,02,4,ARKHAN LEANDER RAFASSYA,ZAG SWIMMING SCHOOL
29 - 25 M Gaya Bebas Fins KU E. F. G. H Putra,02,5,ALRESCHA IDYZRAF SHAKEEL,RIKO SWIMMING CLUB
29 - 25 M Gaya Bebas Fins KU E. F. G. H Putra,02,6,ALDI SURYA PRATAMA,SN BURUYNGOJAY
29 - 25 M Gaya Bebas Fins KU E. F. G. H Putra,03,1,BENEDICT REYNAND MESHACH,N112 SWIMMING CLUB
29 - 25 M Gaya Bebas Fins KU E. F. G. H Putra,03,2,FAIZ MIFTAH SIDIK,SN BURUYNGOJAY
29 - 25 M Gaya Bebas Fins KU E. F. G. H Putra,03,3,HABIBIE NUR MUSTHAFA,SN BURUYNGOJAY
29 - 25 M Gaya Bebas Fins KU E. F. G. H Putra,03,4,GIBRAN ALFARIZKY,TKI SWIMMING COURSE
29 - 25 M Gaya Bebas Fins KU E. F. G. H Putra,03,5,DIRGA PRATAMA,HN SWIMMING COURSE
29 - 25 M Gaya Bebas Fins KU E. F. G. H Putra,03,6,ATHAFARIZ SAKTI PRAYOGA,HN SWIMMING COURSE
29 - 25 M Gaya Bebas Fins KU E. F. G. H Putra,04,1,JHON MARCKO SIAHAAN,MASCOT SWIMMING CLUB
29 - 25 M Gaya Bebas Fins KU E. F. G. H Putra,04,2,M. SYATHIR MAJID MATONDANG,DOLPHIN CHERRY FIELD
29 - 25 M Gaya Bebas Fins KU E. F. G. H Putra,04,3,MUHAMMAD ASLAN FIRDAUS,TKI SWIMMING COURSE
29 - 25 M Gaya Bebas Fins KU E. F. G. H Putra,04,4,MUHAMAD GHAZWAN AL HAWARI,PUTRA INTAN SWIMMING
29 - 25 M Gaya Bebas Fins KU E. F. G. H Putra,04,5,M RYUGA ALTEZZA RISMAN,N112 SWIMMING CLUB
29 - 25 M Gaya Bebas Fins KU E. F. G. H Putra,04,6,IBRAHIM ADIKARA,N112 SWIMMING CLUB
29 - 25 M Gaya Bebas Fins KU E. F. G. H Putra,05,1,RAKHAANDRA RAFASSYA ATHARIZZ,MASCOT SWIMMING CLUB
29 - 25 M Gaya Bebas Fins KU E. F. G. H Putra,05,2,RYSHAKA VIRENDRA YUDISTIRA,BARRA SWIMMING CLUB
29 - 25 M Gaya Bebas Fins KU E. F. G. H Putra,05,3,SIDIQ ALI TOPAN,DA SWIMMING CLUB
29 - 25 M Gaya Bebas Fins KU E. F. G. H Putra,05,4,SALMAN HAFIZH HERMAWAN,N112 SWIMMING CLUB
29 - 25 M Gaya Bebas Fins KU E. F. G. H Putra,05,5,RAMA RISKIYANI HASYIM,MASCOT SWIMMING CLUB
29 - 25 M Gaya Bebas Fins KU E. F. G. H Putra,05,6,PATIH AIDAN SOEWARDI,HN SWIMMING COURSE
29 - 25 M Gaya Bebas Fins KU E. F. G. H Putra,06,1,AHSAN FADHILLAH PUTRA DHIKA,ZAG SWIMMING SCHOOL
29 - 25 M Gaya Bebas Fins KU E. F. G. H Putra,06,2,ALDIANOF SUGIAWAN,SWIMMING ACADEMY CENTER GARUT
29 - 25 M Gaya Bebas Fins KU E. F. G. H Putra,06,3,ALKHALIFI ZIKRI HADIKUSUMA,SN BURUYNGOJAY
29 - 25 M Gaya Bebas Fins KU E. F. G. H Putra,06,4,ALFATIH GIBRAN SYAFANDARU,N112 SWIMMING CLUB
29 - 25 M Gaya Bebas Fins KU E. F. G. H Putra,06,5,AL GHAZALI TSAQIB RABBANI,MASCOT SWIMMING CLUB
29 - 25 M Gaya Bebas Fins KU E. F. G. H Putra,06,6,ZEIN ALI MUTAQIN,PUTRA INTAN SWIMMING
29 - 25 M Gaya Bebas Fins KU E. F. G. H Putra,07,1,ARFAN HAFIZ WIJAYA,N112 SWIMMING CLUB
29 - 25 M Gaya Bebas Fins KU E. F. G. H Putra,07,2,ARKHAN MUHAMMAD HAMIZAN,N112 SWIMMING CLUB
29 - 25 M Gaya Bebas Fins KU E. F. G. H Putra,07,3,AZZAM AL HAFIDZY,SWIMMING ACADEMY CENTER GARUT
29 - 25 M Gaya Bebas Fins KU E. F. G. H Putra,07,4,AZKA PRADIPTA WIRATAMA,FSC
29 - 25 M Gaya Bebas Fins KU E. F. G. H Putra,07,5,ARJUNA NATA PRAWIRA,PUTRA INTAN SWIMMING
29 - 25 M Gaya Bebas Fins KU E. F. G. H Putra,07,6,ALVIANDY NUR MUHAMMAD,SN BURUYNGOJAY
29 - 25 M Gaya Bebas Fins KU E. F. G. H Putra,08,1,DASTAN RAMADHAN HIMBAR BUANA,TETRA SWIMMING COURSE
29 - 25 M Gaya Bebas Fins KU E. F. G. H Putra,08,2,ELVIN KWAN,HAPPY SWIMMING CLUB
29 - 25 M Gaya Bebas Fins KU E. F. G. H Putra,08,3,FAIZ LAKSMANA DWIPUTRA,REX SPORT CLUB
29 - 25 M Gaya Bebas Fins KU E. F. G. H Putra,08,4,FAIZ ADHITYA BHAKTI,ANTARKTIKA
29 - 25 M Gaya Bebas Fins KU E. F. G. H Putra,08,5,DEMETRIUS GEORGE SETIAWAN,PASIFIC SWIMMING CLUB
29 - 25 M Gaya Bebas Fins KU E. F. G. H Putra,08,6,CAKA AIRLANGGA ALBY,ANTARKTIKA
29 - 25 M Gaya Bebas Fins KU E. F. G. H Putra,09,1,MICHAEL EFRAIM CHANDRA,HAPPY SWIMMING CLUB
29 - 25 M Gaya Bebas Fins KU E. F. G. H Putra,09,2,MUHAMMAD  ATHAYA AKMAL,HAPPY SWIMMING CLUB
29 - 25 M Gaya Bebas Fins KU E. F. G. H Putra,09,3,MUHAMMAD SABDA KUSUMAH,MASCOT SWIMMING CLUB
29 - 25 M Gaya Bebas Fins KU E. F. G. H Putra,09,4,MUHAMMAD BAGI SAFARIZ JAWAHIR,FANTASTIC SWIMMING
29 - 25 M Gaya Bebas Fins KU E. F. G. H Putra,09,5,MIFTAH AULIA,MASCOT SWIMMING CLUB
29 - 25 M Gaya Bebas Fins KU E. F. G. H Putra,09,6,KENT PRANAJA IRAWAN,SN BURUYNGOJAY
29 - 25 M Gaya Bebas Fins KU E. F. G. H Putra,10,1,MUHAMMAD VIDIC YOSSIKA,MASCOT SWIMMING CLUB
29 - 25 M Gaya Bebas Fins KU E. F. G. H Putra,10,2,NATHAN CHARIS GRACETA GINTING,N112 SWIMMING CLUB
29 - 25 M Gaya Bebas Fins KU E. F. G. H Putra,10,3,RAHARDIAN AJI PUSPITA,DOLPHIN CHERRY FIELD
29 - 25 M Gaya Bebas Fins KU E. F. G. H Putra,10,4,PAVEL YUSUF ALDEBARAN,HN SWIMMING COURSE
29 - 25 M Gaya Bebas Fins KU E. F. G. H Putra,10,5,NALADIPHA AKHTAR ABIMANYU,N112 SWIMMING CLUB
29 - 25 M Gaya Bebas Fins KU E. F. G. H Putra,10,6,MUHAMMAD SULTAN SYAHPUTRA,MASCOT SWIMMING CLUB
29 - 25 M Gaya Bebas Fins KU E. F. G. H Putra,11,1,RIZKIA M SIDIQ,SWIMMING ACADEMY CENTER GARUT
29 - 25 M Gaya Bebas Fins KU E. F. G. H Putra,11,2,VAREL MARULI SIAHAAN,MASCOT SWIMMING CLUB
29 - 25 M Gaya Bebas Fins KU E. F. G. H Putra,11,3,ZIQRI ALFATIH ARKANANTA,EAGLES SWIMMING COURSE
29 - 25 M Gaya Bebas Fins KU E. F. G. H Putra,11,4,WAFI FIRDAUS SUJANA,SN BURUYNGOJAY
29 - 25 M Gaya Bebas Fins KU E. F. G. H Putra,11,5,TSABIT MOCHAMAD ZHAFRAN,IN-HU SWIMMING CLUB
29 - 25 M Gaya Bebas Fins KU E. F. G. H Putra,11,6,RAYNARD AUSTIN PRATAMA,PASIFIC SWIMMING CLUB
29 - 25 M Gaya Bebas Fins KU E. F. G. H Putra,12,1,MUHAMMAD KUDYA HYANG,N112 SWIMMING CLUB
29 - 25 M Gaya Bebas Fins KU E. F. G. H Putra,12,2,AMJAD MUHAMMAD ZAFRAN,MASCOT SWIMMING CLUB
29 - 25 M Gaya Bebas Fins KU E. F. G. H Putra,12,3,BAGJA RAJIB PRATAMA,N112 SWIMMING CLUB
29 - 25 M Gaya Bebas Fins KU E. F. G. H Putra,12,4,AZFAR RAMADAN,MASCOT SWIMMING CLUB
29 - 25 M Gaya Bebas Fins KU E. F. G. H Putra,12,5,ABYANDRA HAIDAR ADYATAMA,N112 SWIMMING CLUB
29 - 25 M Gaya Bebas Fins KU E. F. G. H Putra,12,6,HADANA SUPRIATNA,REX SPORT CLUB
29 - 25 M Gaya Bebas Fins KU E. F. G. H Putra,13,1,GILBI AL GHIFARI R,ZAG SWIMMING SCHOOL
29 - 25 M Gaya Bebas Fins KU E. F. G. H Putra,13,2,MIYZAAN REGIS DWI SAPUTRA,CIBANTENG SWIMMING COURSE
29 - 25 M Gaya Bebas Fins KU E. F. G. H Putra,13,3,MUHAMMAD ARKAN SYAHADATY ABDULLAH,TKI SWIMMING COURSE
29 - 25 M Gaya Bebas Fins KU E. F. G. H Putra,13,4,MOCHAMMAD RIZQI ALLGHYFANI,TIRTA ADIPURA SWIMMING SCHOOL
29 - 25 M Gaya Bebas Fins KU E. F. G. H Putra,13,5,LUKE BROOKLYN PHOA,N112 SWIMMING CLUB
29 - 25 M Gaya Bebas Fins KU E. F. G. H Putra,13,6,BILAL FARROS ZAYD AL-AMIN,MASCOT SWIMMING CLUB
29 - 25 M Gaya Bebas Fins KU E. F. G. H Putra,14,1,MUHAMMAD RIZKY RAMDANI,N112 SWIMMING CLUB
29 - 25 M Gaya Bebas Fins KU E. F. G. H Putra,14,2,RAFAEL CANDRA,ZAG SWIMMING SCHOOL
29 - 25 M Gaya Bebas Fins KU E. F. G. H Putra,14,3,ALDWYNE SETIAWAN,HAPPY SWIMMING CLUB
29 - 25 M Gaya Bebas Fins KU E. F. G. H Putra,14,4,ZULFAN AKBAR ALKAUTSAR,MASCOT SWIMMING CLUB
29 - 25 M Gaya Bebas Fins KU E. F. G. H Putra,14,5,MUHAMMAD SOFYAN AL-GHAZALI,FANTASTIC SWIMMING
29 - 25 M Gaya Bebas Fins KU E. F. G. H Putra,14,6,MUHAMMAD LUTFI HAMSYARI,SDN 259 GRIYA BUMI ANTAPANI
29 - 25 M Gaya Bebas Fins KU E. F. G. H Putra,15,1,AZZAR FAZRI MAULANA,CIBANTENG SWIMMING COURSE
29 - 25 M Gaya Bebas Fins KU E. F. G. H Putra,15,2,EZRA SAKHA ANDRIAN,EAGLES SWIMMING COURSE
29 - 25 M Gaya Bebas Fins KU E. F. G. H Putra,15,3,FEDERER TANU SOLIHIN,N112 SWIMMING CLUB
29 - 25 M Gaya Bebas Fins KU E. F. G. H Putra,15,4,FABYAN  EMYR  KHAIRAN,SMPN 3 PADALARANG
29 - 25 M Gaya Bebas Fins KU E. F. G. H Putra,15,5,CARLO RAFAEL,ANTARKTIKA
29 - 25 M Gaya Bebas Fins KU E. F. G. H Putra,15,6,ALFATIH AMAR,ANTARKTIKA
29 - 25 M Gaya Bebas Fins KU E. F. G. H Putra,16,1,PORIES MICHAEL PARSAORAN TAMBA,N112 SWIMMING CLUB
29 - 25 M Gaya Bebas Fins KU E. F. G. H Putra,16,2,SYAUQI NALA SAKSANA,FAMILY SC
29 - 25 M Gaya Bebas Fins KU E. F. G. H Putra,16,3,SULTAN AL MALEEQ GIBRANI,RIKO SWIMMING CLUB
29 - 25 M Gaya Bebas Fins KU E. F. G. H Putra,16,4,M AMMAR FIRDAUS,SAMPOERNA SWIMMING CLUB
29 - 25 M Gaya Bebas Fins KU E. F. G. H Putra,16,5,RISKY SOUL ALFARES SEMBIRING,MASCOT SWIMMING CLUB
29 - 25 M Gaya Bebas Fins KU E. F. G. H Putra,16,6,MUHAMMAD AFLAH ROMADHON,DIAMOND SWIMMING CLUB
29 - 25 M Gaya Bebas Fins KU E. F. G. H Putra,17,1,RASYA AFIRUL ADZHAR,HN SWIMMING COURSE
29 - 25 M Gaya Bebas Fins KU E. F. G. H Putra,17,2,RAFA PERMANA PUTRA,HN SWIMMING COURSE
29 - 25 M Gaya Bebas Fins KU E. F. G. H Putra,17,3,ANSGARIUS SAKA,SDK 6 BPK PENABUR
29 - 25 M Gaya Bebas Fins KU E. F. G. H Putra,17,4,MUHAMMAD RILO PAMBUDI,SDIT USWATUN HASANAH
29 - 25 M Gaya Bebas Fins KU E. F. G. H Putra,17,5,DAVID WILLIAM RAJA SITORUS,RIKO SWIMMING CLUB
29 - 25 M Gaya Bebas Fins KU E. F. G. H Putra,17,6,ALTHAF BENZEMA,RIKO SWIMMING CLUB
30 - 25 M Gaya Bebas Fins KU E. F. G. H Putri,01,2,ALMIRA DWI FITRIA SETIAWAN,MASCOT SWIMMING CLUB
30 - 25 M Gaya Bebas Fins KU E. F. G. H Putri,01,3,ALIYYA SALSABILA KOMARA,TRILOGY SWIMMING COURSE
30 - 25 M Gaya Bebas Fins KU E. F. G. H Putri,02,1,ANINDIA DWI PUTRI,REX SPORT CLUB
30 - 25 M Gaya Bebas Fins KU E. F. G. H Putri,02,2,ASAMI LAILA RAHMAN HAKIM,FAMILY SC
30 - 25 M Gaya Bebas Fins KU E. F. G. H Putri,02,3,BTARI AISHA LANA,N112 SWIMMING CLUB
30 - 25 M Gaya Bebas Fins KU E. F. G. H Putri,02,4,AZEERA LOVINA QUILA,TKI SWIMMING COURSE
30 - 25 M Gaya Bebas Fins KU E. F. G. H Putri,02,5,ARSYILA RUMAIZA,N112 SWIMMING CLUB
30 - 25 M Gaya Bebas Fins KU E. F. G. H Putri,02,6,ANINDHITA AFSHEENA SAQEENA,MASCOT SWIMMING CLUB
30 - 25 M Gaya Bebas Fins KU E. F. G. H Putri,03,1,DZALIQA NASHIRA SG,SWIMMING ACADEMY CENTER GARUT
30 - 25 M Gaya Bebas Fins KU E. F. G. H Putri,03,2,FRANSISKA ADELIA MUNTHE,MASCOT SWIMMING CLUB
30 - 25 M Gaya Bebas Fins KU E. F. G. H Putri,03,3,HANIFA RIZKIA PUTRI,SDN CIPEUJEUH 1
30 - 25 M Gaya Bebas Fins KU E. F. G. H Putri,03,4,HAISHA HANANIA,TKI SWIMMING COURSE
30 - 25 M Gaya Bebas Fins KU E. F. G. H Putri,03,5,FATIMAH SYAKIRA TASHDIQ,SDIT BINTANG ISLAM
30 - 25 M Gaya Bebas Fins KU E. F. G. H Putri,03,6,CHARISSA JOICELYN SEMBIRING,RIKO SWIMMING CLUB
30 - 25 M Gaya Bebas Fins KU E. F. G. H Putri,04,1,KANISA SAUFA NADIRA,SWIMMING ACADEMY CENTER GARUT
30 - 25 M Gaya Bebas Fins KU E. F. G. H Putri,04,2,LUBNA NAIMAH,MASCOT SWIMMING CLUB
30 - 25 M Gaya Bebas Fins KU E. F. G. H Putri,04,3,NAFISAH SYAKIRA,TKI SWIMMING COURSE
30 - 25 M Gaya Bebas Fins KU E. F. G. H Putri,04,4,MUTIARA QISTI HAIJATUL MAULA,MASCOT SWIMMING CLUB
30 - 25 M Gaya Bebas Fins KU E. F. G. H Putri,04,5,KARAISSA MIKAILA MOZA,EAGLES SWIMMING COURSE
30 - 25 M Gaya Bebas Fins KU E. F. G. H Putri,04,6,KALEA ARSYILA NALADHIPA,SWIMPLAY
30 - 25 M Gaya Bebas Fins KU E. F. G. H Putri,05,1,RAHHER AMIRA ZAHRANI,N112 SWIMMING CLUB
30 - 25 M Gaya Bebas Fins KU E. F. G. H Putri,05,2,TSABRINA AURELIA RAVINZA,REX SPORT CLUB
30 - 25 M Gaya Bebas Fins KU E. F. G. H Putri,05,3,ZULFA LATHIFAH,ZAG SWIMMING SCHOOL
30 - 25 M Gaya Bebas Fins KU E. F. G. H Putri,05,4,ZHEVANA PUTRI EFFENDI,BARRA SWIMMING CLUB
30 - 25 M Gaya Bebas Fins KU E. F. G. H Putri,05,5,RAISA ALMEIRA CANDRA,SN BURUYNGOJAY
30 - 25 M Gaya Bebas Fins KU E. F. G. H Putri,05,6,NOYA MALAYEKA ARHAN,ZAG SWIMMING SCHOOL
30 - 25 M Gaya Bebas Fins KU E. F. G. H Putri,06,1,ADEEVA MASHAL,N112 SWIMMING CLUB
30 - 25 M Gaya Bebas Fins KU E. F. G. H Putri,06,2,AFIKA AYUDIA INARA,N112 SWIMMING CLUB
30 - 25 M Gaya Bebas Fins KU E. F. G. H Putri,06,3,ANNIDA RIFQA SHIDQIA,DA SWIMMING CLUB
30 - 25 M Gaya Bebas Fins KU E. F. G. H Putri,06,4,ALMAIRA BUNGA LESTARI,CIBANTENG SWIMMING COURSE
30 - 25 M Gaya Bebas Fins KU E. F. G. H Putri,06,5,ADILLA NISA ARDANI,MASCOT SWIMMING CLUB
30 - 25 M Gaya Bebas Fins KU E. F. G. H Putri,06,6,ABIGAIL SHAKILA ATMARINI DELLA,HAPPY SWIMMING CLUB
30 - 25 M Gaya Bebas Fins KU E. F. G. H Putri,07,1,CORY FLORENCE WIJAYA PASARIBU,BARRA SWIMMING CLUB
30 - 25 M Gaya Bebas Fins KU E. F. G. H Putri,07,2,KALINTANG ADISTIA SYAHRIN,SN BURUYNGOJAY
30 - 25 M Gaya Bebas Fins KU E. F. G. H Putri,07,3,KINARA ZAFIERA AZZAHWA,ZAG SWIMMING SCHOOL
30 - 25 M Gaya Bebas Fins KU E. F. G. H Putri,07,4,KAYLA ALMIRA NAUFALYN,DA SWIMMING CLUB
30 - 25 M Gaya Bebas Fins KU E. F. G. H Putri,07,5,GIZELLE ALLISON STEVEN,TKI SWIMMING COURSE
30 - 25 M Gaya Bebas Fins KU E. F. G. H Putri,07,6,ATHENA SYARA RAFANI FIRMANSYAH,FANTASTIC SWIMMING
30 - 25 M Gaya Bebas Fins KU E. F. G. H Putri,08,1,NARKEASHA ALEENA SALAMA PRASETYO,N112 SWIMMING CLUB
30 - 25 M Gaya Bebas Fins KU E. F. G. H Putri,08,2,SANNY NUR FADILAH,N112 SWIMMING CLUB
30 - 25 M Gaya Bebas Fins KU E. F. G. H Putri,08,3,SEINA JIHAN A,N112 SWIMMING CLUB
30 - 25 M Gaya Bebas Fins KU E. F. G. H Putri,08,4,SANUM ALMAIRA GHASSANI,FANTASTIC SWIMMING
30 - 25 M Gaya Bebas Fins KU E. F. G. H Putri,08,5,QUEENSHA ADZKIA FAKHIRA,MASCOT SWIMMING CLUB
30 - 25 M Gaya Bebas Fins KU E. F. G. H Putri,08,6,NAILA IZZA TUNNISA HIDAYAT,DA SWIMMING CLUB
30 - 25 M Gaya Bebas Fins KU E. F. G. H Putri,09,1,SRI MULYANI LATIFAH,MASCOT SWIMMING CLUB
30 - 25 M Gaya Bebas Fins KU E. F. G. H Putri,09,2,SYAKIRA FAQIHATU NURUZAIN,N112 SWIMMING CLUB
30 - 25 M Gaya Bebas Fins KU E. F. G. H Putri,09,3,ZAHRA ALISHA PRATAMA,SN BURUYNGOJAY
30 - 25 M Gaya Bebas Fins KU E. F. G. H Putri,09,4,WANDA SHERLY ANASTASYA PUTRI,SN BURUYNGOJAY
30 - 25 M Gaya Bebas Fins KU E. F. G. H Putri,09,5,SYAKILA AZURA AKMALIYAH,N112 SWIMMING CLUB
30 - 25 M Gaya Bebas Fins KU E. F. G. H Putri,09,6,SHIRIN AFIEF BAASIR,ANTARKTIKA
30 - 25 M Gaya Bebas Fins KU E. F. G. H Putri,10,1,ZIANKA MAZAYA ELSHANUM ANANTO,TKI SWIMMING COURSE
30 - 25 M Gaya Bebas Fins KU E. F. G. H Putri,10,2,CALISTA ZIA ZAHRA,N112 SWIMMING CLUB
30 - 25 M Gaya Bebas Fins KU E. F. G. H Putri,10,3,GISEL HASTRI SITANGGANG,MASCOT SWIMMING CLUB
30 - 25 M Gaya Bebas Fins KU E. F. G. H Putri,10,4,DAFFIYA FAISHANUL AZMI H,ZAG SWIMMING SCHOOL
30 - 25 M Gaya Bebas Fins KU E. F. G. H Putri,10,5,ANJANI RIZKYA AKBAR,CIBANTENG SWIMMING COURSE
30 - 25 M Gaya Bebas Fins KU E. F. G. H Putri,10,6,ZAISHARA DANESH WIRAWAN,TKI SWIMMING COURSE
30 - 25 M Gaya Bebas Fins KU E. F. G. H Putri,11,1,KHANSA DEISYA ALTHAFUNNISA,PUTRA INTAN SWIMMING
30 - 25 M Gaya Bebas Fins KU E. F. G. H Putri,11,2,NADA HAURA NAZHIFA,SN BURUYNGOJAY
30 - 25 M Gaya Bebas Fins KU E. F. G. H Putri,11,3,NAGITA THAFANA YUDITH,TKI SWIMMING COURSE
30 - 25 M Gaya Bebas Fins KU E. F. G. H Putri,11,4,NADILA PUTRI KUSTIANI,SN BURUYNGOJAY
30 - 25 M Gaya Bebas Fins KU E. F. G. H Putri,11,5,KHAYLA SAUQIYA GUNAWAN,FANTASTIC SWIMMING
30 - 25 M Gaya Bebas Fins KU E. F. G. H Putri,11,6,HANIFAH SHIDQI,TRILOGY SWIMMING COURSE
30 - 25 M Gaya Bebas Fins KU E. F. G. H Putri,12,1,NAURA SAJJIDAH QISYA,ZAG SWIMMING SCHOOL
30 - 25 M Gaya Bebas Fins KU E. F. G. H Putri,12,2,TANISHA INDRA AZARIA,N112 SWIMMING CLUB
30 - 25 M Gaya Bebas Fins KU E. F. G. H Putri,12,3,ZAHRA NUR OKTAVIANI,SN BURUYNGOJAY
30 - 25 M Gaya Bebas Fins KU E. F. G. H Putri,12,4,ZAHIRA AMRIJA RAHMANI,N112 SWIMMING CLUB
30 - 25 M Gaya Bebas Fins KU E. F. G. H Putri,12,5,NINDY NUR MAHDALIFA,SN BURUYNGOJAY
30 - 25 M Gaya Bebas Fins KU E. F. G. H Putri,12,6,NASHWA AZZAHRA,SN BURUYNGOJAY
30 - 25 M Gaya Bebas Fins KU E. F. G. H Putri,13,1,AQEELA NARAYA MARINDRA PUTRI,MASCOT SWIMMING CLUB
30 - 25 M Gaya Bebas Fins KU E. F. G. H Putri,13,2,CATALEYA JANEETA ARDHYAKSA,N112 SWIMMING CLUB
30 - 25 M Gaya Bebas Fins KU E. F. G. H Putri,13,3,KEYLA RAHMI IDLAL HUSNIYYAH,DOLPHIN CHERRY FIELD
30 - 25 M Gaya Bebas Fins KU E. F. G. H Putri,13,4,KANAYA ADISTY HUSNIYYAH,DOLPHIN CHERRY FIELD
30 - 25 M Gaya Bebas Fins KU E. F. G. H Putri,13,5,ASYFA NISSA BALQIES,PUTRA INTAN SWIMMING
30 - 25 M Gaya Bebas Fins KU E. F. G. H Putri,13,6,ALIFIA NAUFALIN JULIA RABBANI,MASCOT SWIMMING CLUB
30 - 25 M Gaya Bebas Fins KU E. F. G. H Putri,14,1,NAYYARA MALAYEKA SALSABILA,N112 SWIMMING CLUB
30 - 25 M Gaya Bebas Fins KU E. F. G. H Putri,14,2,NIDA AULIYA RINDANI,MTS QUWATUL IMAN
30 - 25 M Gaya Bebas Fins KU E. F. G. H Putri,14,3,RACHEL GAENORETHA APTAODELLA,TKI SWIMMING COURSE
30 - 25 M Gaya Bebas Fins KU E. F. G. H Putri,14,4,NURUL AZAHRA RITONGA,MASCOT SWIMMING CLUB
30 - 25 M Gaya Bebas Fins KU E. F. G. H Putri,14,5,NICOLE MELONA RAYA,EAGLES SWIMMING COURSE
30 - 25 M Gaya Bebas Fins KU E. F. G. H Putri,14,6,LAMTIVANA EMYTHA VIRIDHA,ZAG SWIMMING SCHOOL
30 - 25 M Gaya Bebas Fins KU E. F. G. H Putri,15,1,FAHIRA NUR SUCIYANTI,HN SWIMMING COURSE
30 - 25 M Gaya Bebas Fins KU E. F. G. H Putri,15,2,DZALIKA SIDQIA NUR IZZATUNNISA,HN SWIMMING COURSE
30 - 25 M Gaya Bebas Fins KU E. F. G. H Putri,15,3,ADEEVA AINA MUKHBITA ZALFA,HN SWIMMING COURSE
30 - 25 M Gaya Bebas Fins KU E. F. G. H Putri,15,4,ADELIYA ANINDITA LUKMAN,HN SWIMMING COURSE
30 - 25 M Gaya Bebas Fins KU E. F. G. H Putri,15,5,SHAQUEENA FALIHAH ZIYAN AZKAYRA,HN SWIMMING COURSE
30 - 25 M Gaya Bebas Fins KU E. F. G. H Putri,15,6,RATU INTAN GEMILANG,SWIMMING ACADEMY CENTER GARUT
30 - 25 M Gaya Bebas Fins KU E. F. G. H Putri,16,1,NABILA CAHYA YUSMA,HN SWIMMING COURSE
30 - 25 M Gaya Bebas Fins KU E. F. G. H Putri,16,2,GANESHA LINTANG PRAKA,YOURSWIMM
30 - 25 M Gaya Bebas Fins KU E. F. G. H Putri,16,3,ERICA ZOEY WIJAYA,PASIFIC SWIMMING CLUB
30 - 25 M Gaya Bebas Fins KU E. F. G. H Putri,16,4,KYONA ZOLA LAMBERTUS,SAMPOERNA SWIMMING CLUB
30 - 25 M Gaya Bebas Fins KU E. F. G. H Putri,16,5,FANISHA DIVYA ALMAHIRA,HN SWIMMING COURSE
30 - 25 M Gaya Bebas Fins KU E. F. G. H Putri,16,6,FATIMAH SYAQILLA KHAIRINA,HN SWIMMING COURSE
31 - 25 M Gaya Punggung Fins KU E. F. G. H Putra,01,1,BENEDICT REYNAND MESHACH,N112 SWIMMING CLUB
31 - 25 M Gaya Punggung Fins KU E. F. G. H Putra,01,2,MUHAMMAD ARRASYID RAMADHAN,SN BURUYNGOJAY
31 - 25 M Gaya Punggung Fins KU E. F. G. H Putra,01,3,ALVIANDY NUR MUHAMMAD,SN BURUYNGOJAY
31 - 25 M Gaya Punggung Fins KU E. F. G. H Putra,01,4,ALKHALIFI ZIKRI HADIKUSUMA,SN BURUYNGOJAY
31 - 25 M Gaya Punggung Fins KU E. F. G. H Putra,01,5,GIOVANI PUTRA,IN-HU SWIMMING CLUB
31 - 25 M Gaya Punggung Fins KU E. F. G. H Putra,02,1,FAIZ LAKSMANA DWIPUTRA,REX SPORT CLUB
31 - 25 M Gaya Punggung Fins KU E. F. G. H Putra,02,2,MUHAMMAD GIRI BADARUDDIN KAMIL,ANTARKTIKA
31 - 25 M Gaya Punggung Fins KU E. F. G. H Putra,02,3,RAYNARD AUSTIN PRATAMA,PASIFIC SWIMMING CLUB
31 - 25 M Gaya Punggung Fins KU E. F. G. H Putra,02,4,NATHAN CHARIS GRACETA GINTING,N112 SWIMMING CLUB
31 - 25 M Gaya Punggung Fins KU E. F. G. H Putra,02,5,KENT PRANAJA IRAWAN,SN BURUYNGOJAY
31 - 25 M Gaya Punggung Fins KU E. F. G. H Putra,02,6,ARJUNA NATA PRAWIRA,PUTRA INTAN SWIMMING
31 - 25 M Gaya Punggung Fins KU E. F. G. H Putra,03,1,TSABIT MOCHAMAD ZHAFRAN,IN-HU SWIMMING CLUB
31 - 25 M Gaya Punggung Fins KU E. F. G. H Putra,03,2,MUHAMMAD KUDYA HYANG,N112 SWIMMING CLUB
31 - 25 M Gaya Punggung Fins KU E. F. G. H Putra,03,3,ABYANDRA HAIDAR ADYATAMA,N112 SWIMMING CLUB
31 - 25 M Gaya Punggung Fins KU E. F. G. H Putra,03,4,ABID AQILA PRANAJA,MASCOT SWIMMING CLUB
31 - 25 M Gaya Punggung Fins KU E. F. G. H Putra,03,5,WILDAN WIRANATA KUSTIAWAN,SN BURUYNGOJAY
31 - 25 M Gaya Punggung Fins KU E. F. G. H Putra,03,6,RIZKIA M SIDIQ,SWIMMING ACADEMY CENTER GARUT
31 - 25 M Gaya Punggung Fins KU E. F. G. H Putra,04,1,MOCHAMMAD RIZQI ALLGHYFANI,TIRTA ADIPURA SWIMMING SCHOOL
31 - 25 M Gaya Punggung Fins KU E. F. G. H Putra,04,2,DAVID WILLIAM RAJA SITORUS,RIKO SWIMMING CLUB
31 - 25 M Gaya Punggung Fins KU E. F. G. H Putra,04,3,MUHAMMAD BILAL ATAYA FIRDAUS,IN-HU SWIMMING CLUB
31 - 25 M Gaya Punggung Fins KU E. F. G. H Putra,04,4,RADEN GENTA MAULANA YUSUF,BLUE OCEAN AQUATIC CLUB
31 - 25 M Gaya Punggung Fins KU E. F. G. H Putra,04,5,SULTAN AL MALEEQ GIBRANI,RIKO SWIMMING CLUB
31 - 25 M Gaya Punggung Fins KU E. F. G. H Putra,04,6,FATHAN NARENDRA PUTRA SUPRIYADI,SN BURUYNGOJAY
32 - 25 M Gaya Punggung Fins KU E. F. G. H Putri,01,1,MUTIARA QISTI HAIJATUL MAULA,MASCOT SWIMMING CLUB
32 - 25 M Gaya Punggung Fins KU E. F. G. H Putri,01,2,KALINTANG ADISTIA SYAHRIN,SN BURUYNGOJAY
32 - 25 M Gaya Punggung Fins KU E. F. G. H Putri,01,3,RAISA ALMEIRA CANDRA,SN BURUYNGOJAY
32 - 25 M Gaya Punggung Fins KU E. F. G. H Putri,01,4,BTARI AISHA LANA,N112 SWIMMING CLUB
32 - 25 M Gaya Punggung Fins KU E. F. G. H Putri,02,1,SANNY NUR FADILAH,N112 SWIMMING CLUB
32 - 25 M Gaya Punggung Fins KU E. F. G. H Putri,02,2,ANJANI RIZKYA AKBAR,CIBANTENG SWIMMING COURSE
32 - 25 M Gaya Punggung Fins KU E. F. G. H Putri,02,3,NAGITA THAFANA YUDITH,TKI SWIMMING COURSE
32 - 25 M Gaya Punggung Fins KU E. F. G. H Putri,02,4,KHATARINA CARISSA AURORA,N112 SWIMMING CLUB
32 - 25 M Gaya Punggung Fins KU E. F. G. H Putri,02,5,SEINA JIHAN A,N112 SWIMMING CLUB
32 - 25 M Gaya Punggung Fins KU E. F. G. H Putri,02,6,NAZWA NURMAULIDA S,N112 SWIMMING CLUB
32 - 25 M Gaya Punggung Fins KU E. F. G. H Putri,03,1,ZAHRA NUR OKTAVIANI,SN BURUYNGOJAY
32 - 25 M Gaya Punggung Fins KU E. F. G. H Putri,03,2,NIQIFA KIRANI SETIAWAN,SN BURUYNGOJAY
32 - 25 M Gaya Punggung Fins KU E. F. G. H Putri,03,3,KYONA ZOLA LAMBERTUS,SAMPOERNA SWIMMING CLUB
32 - 25 M Gaya Punggung Fins KU E. F. G. H Putri,03,4,ERICA ZOEY WIJAYA,PASIFIC SWIMMING CLUB
32 - 25 M Gaya Punggung Fins KU E. F. G. H Putri,03,5,MEDYTA JIHAN NURIL AWALI,MASCOT SWIMMING CLUB
32 - 25 M Gaya Punggung Fins KU E. F. G. H Putri,03,6,NINDY NUR MAHDALIFA,SN BURUYNGOJAY
33 - 25 M Gaya Dada KU E. F. G. H Putra,01,1,M. HAYKAL ANANTA P LUBIS,N112 SWIMMING CLUB
33 - 25 M Gaya Dada KU E. F. G. H Putra,01,2,ALDI SURYA PRATAMA,SN BURUYNGOJAY
33 - 25 M Gaya Dada KU E. F. G. H Putra,01,3,AHSAN NUGRAHA HERMAWAN,TIRTA ADIPURA SWIMMING SCHOOL
33 - 25 M Gaya Dada KU E. F. G. H Putra,02,1,ALRESCHA IDYZRAF SHAKEEL,RIKO SWIMMING CLUB
33 - 25 M Gaya Dada KU E. F. G. H Putra,02,2,ARKHAN LEANDER RAFASSYA,ZAG SWIMMING SCHOOL
33 - 25 M Gaya Dada KU E. F. G. H Putra,02,3,BENEDICT REYNAND MESHACH,N112 SWIMMING CLUB
33 - 25 M Gaya Dada KU E. F. G. H Putra,02,4,ATHAFARIZ SAKTI PRAYOGA,HN SWIMMING COURSE
33 - 25 M Gaya Dada KU E. F. G. H Putra,02,5,ARKANA SHAKEEL ELFATIH,N112 SWIMMING CLUB
33 - 25 M Gaya Dada KU E. F. G. H Putra,03,1,FAIZ MIFTAH SIDIK,SN BURUYNGOJAY
33 - 25 M Gaya Dada KU E. F. G. H Putra,03,2,GIBELON ALFARIZQY KURNIA,ANGKASA AQUATIC CLUB
33 - 25 M Gaya Dada KU E. F. G. H Putra,03,3,GYBRANKHA WIBISANA SATYA HINDARTO,SD ARRAFI
33 - 25 M Gaya Dada KU E. F. G. H Putra,03,4,GIBRAN ALFARIZKY,TKI SWIMMING COURSE
33 - 25 M Gaya Dada KU E. F. G. H Putra,03,5,FIDELIS ETHAN SIDDIK,N112 SWIMMING CLUB
33 - 25 M Gaya Dada KU E. F. G. H Putra,03,6,DEDEN SETIAWAN MURTI,SDN NEGLASARI 1
33 - 25 M Gaya Dada KU E. F. G. H Putra,04,1,KENJIRO AFFAN AL-FATIH,FAMILY SC
33 - 25 M Gaya Dada KU E. F. G. H Putra,04,2,LEMUEL DEAN KEIJI SIHALOHO,BARRA SWIMMING CLUB
33 - 25 M Gaya Dada KU E. F. G. H Putra,04,3,M. SYATHIR MAJID MATONDANG,DOLPHIN CHERRY FIELD
33 - 25 M Gaya Dada KU E. F. G. H Putra,04,4,M RYUGA ALTEZZA RISMAN,N112 SWIMMING CLUB
33 - 25 M Gaya Dada KU E. F. G. H Putra,04,5,LAVIRGAZH DANUZDA BAZTARUV,DOLPHIN CHERRY FIELD
33 - 25 M Gaya Dada KU E. F. G. H Putra,04,6,HABIBIE NUR MUSTHAFA,SN BURUYNGOJAY
33 - 25 M Gaya Dada KU E. F. G. H Putra,05,1,MUHAMAD GHAZWAN AL HAWARI,PUTRA INTAN SWIMMING
33 - 25 M Gaya Dada KU E. F. G. H Putra,05,2,MUHAMMAD ARKHAN ALFATIH,N112 SWIMMING CLUB
33 - 25 M Gaya Dada KU E. F. G. H Putra,05,3,MUHAMMAD GANIF ABIDZAR ZAKIANDRA,RIKO SWIMMING CLUB
33 - 25 M Gaya Dada KU E. F. G. H Putra,05,4,MUHAMMAD ASYQAR SYA'BANI,FAMILY SC
33 - 25 M Gaya Dada KU E. F. G. H Putra,05,5,MUHAMMAD AFKAR SYA'BANA,FAMILY SC
33 - 25 M Gaya Dada KU E. F. G. H Putra,05,6,M.RAZIQ ALGHIFARI,FAMILY SC
33 - 25 M Gaya Dada KU E. F. G. H Putra,06,1,RAKHAANDRA RAFASSYA ATHARIZZ,MASCOT SWIMMING CLUB
33 - 25 M Gaya Dada KU E. F. G. H Putra,06,2,RIKI ABIYASA,SN BURUYNGOJAY
33 - 25 M Gaya Dada KU E. F. G. H Putra,06,3,ADRIAN VALENT KWOK,HAPPY SWIMMING CLUB
33 - 25 M Gaya Dada KU E. F. G. H Putra,06,4,SIDIQ ALI TOPAN,DA SWIMMING CLUB
33 - 25 M Gaya Dada KU E. F. G. H Putra,06,5,RAYANDRA ADHINATA PUTRA,ANTARKTIKA
33 - 25 M Gaya Dada KU E. F. G. H Putra,06,6,RADIKHA GIBRAN ZEVTRIANSYAH,SN BURUYNGOJAY
33 - 25 M Gaya Dada KU E. F. G. H Putra,07,1,ARFAN HAFIZ WIJAYA,N112 SWIMMING CLUB
33 - 25 M Gaya Dada KU E. F. G. H Putra,07,2,CAKA AIRLANGGA ALBY,ANTARKTIKA
33 - 25 M Gaya Dada KU E. F. G. H Putra,07,3,FAIZ ADHITYA BHAKTI,ANTARKTIKA
33 - 25 M Gaya Dada KU E. F. G. H Putra,07,4,DASTAN RAMADHAN HIMBAR BUANA,TETRA SWIMMING COURSE
33 - 25 M Gaya Dada KU E. F. G. H Putra,07,5,ARKHAN MUHAMMAD HAMIZAN,N112 SWIMMING CLUB
33 - 25 M Gaya Dada KU E. F. G. H Putra,07,6,ALKHALIFI ZIKRI HADIKUSUMA,SN BURUYNGOJAY
33 - 25 M Gaya Dada KU E. F. G. H Putra,08,1,KENT PRANAJA IRAWAN,SN BURUYNGOJAY
33 - 25 M Gaya Dada KU E. F. G. H Putra,08,2,MUHAMMAD BADY TSANY FAUSTIN RISDIANTO,EAGLES SWIMMING COURSE
33 - 25 M Gaya Dada KU E. F. G. H Putra,08,3,MUHAMMAD VIDIC YOSSIKA,MASCOT SWIMMING CLUB
33 - 25 M Gaya Dada KU E. F. G. H Putra,08,4,MUHAMMAD SABDA KUSUMAH,MASCOT SWIMMING CLUB
33 - 25 M Gaya Dada KU E. F. G. H Putra,08,5,KHAIRU FALAH,FAMILY SC
33 - 25 M Gaya Dada KU E. F. G. H Putra,08,6,FAIZ LAKSMANA DWIPUTRA,REX SPORT CLUB
33 - 25 M Gaya Dada KU E. F. G. H Putra,09,1,RIZKIA M SIDIQ,SWIMMING ACADEMY CENTER GARUT
33 - 25 M Gaya Dada KU E. F. G. H Putra,09,2,WAFI FIRDAUS SUJANA,SN BURUYNGOJAY
33 - 25 M Gaya Dada KU E. F. G. H Putra,09,3,ZIQRI ALFATIH ARKANANTA,EAGLES SWIMMING COURSE
33 - 25 M Gaya Dada KU E. F. G. H Putra,09,4,WILDAN WIRANATA KUSTIAWAN,SN BURUYNGOJAY
33 - 25 M Gaya Dada KU E. F. G. H Putra,09,5,VAREL MARULI SIAHAAN,MASCOT SWIMMING CLUB
33 - 25 M Gaya Dada KU E. F. G. H Putra,09,6,NALADIPHA AKHTAR ABIMANYU,N112 SWIMMING CLUB
33 - 25 M Gaya Dada KU E. F. G. H Putra,10,1,AMJAD MUHAMMAD ZAFRAN,MASCOT SWIMMING CLUB
33 - 25 M Gaya Dada KU E. F. G. H Putra,10,2,BAGJA RAJIB PRATAMA,N112 SWIMMING CLUB
33 - 25 M Gaya Dada KU E. F. G. H Putra,10,3,FAUZAN ARFA MAULANA,SN BURUYNGOJAY
33 - 25 M Gaya Dada KU E. F. G. H Putra,10,4,FATHAN NARENDRA PUTRA SUPRIYADI,SN BURUYNGOJAY
33 - 25 M Gaya Dada KU E. F. G. H Putra,10,5,AZFAR RAMADAN,MASCOT SWIMMING CLUB
33 - 25 M Gaya Dada KU E. F. G. H Putra,10,6,HADANA SUPRIATNA,REX SPORT CLUB
33 - 25 M Gaya Dada KU E. F. G. H Putra,11,1,LEOPOLD DARIUS KEICHIRO SIHALOHO,BARRA SWIMMING CLUB
33 - 25 M Gaya Dada KU E. F. G. H Putra,11,2,MOHAMAD AZZAM ARRAFIF,MASCOT SWIMMING CLUB
33 - 25 M Gaya Dada KU E. F. G. H Putra,11,3,MUHAMMAD DAMAR ALIFIANDRA,HAPPY SWIMMING CLUB
33 - 25 M Gaya Dada KU E. F. G. H Putra,11,4,MUHAMMAD ARKAN SYAHADATY ABDULLAH,TKI SWIMMING COURSE
33 - 25 M Gaya Dada KU E. F. G. H Putra,11,5,MOCHAMMAD RIZQI ALLGHYFANI,TIRTA ADIPURA SWIMMING SCHOOL
33 - 25 M Gaya Dada KU E. F. G. H Putra,11,6,JAKA WINATA SUBRANA,TIRTA ADIPURA SWIMMING SCHOOL
33 - 25 M Gaya Dada KU E. F. G. H Putra,12,1,MUHAMMAD RIZKY RAMDANI,N112 SWIMMING CLUB
33 - 25 M Gaya Dada KU E. F. G. H Putra,12,2,RAFAEL CANDRA,ZAG SWIMMING SCHOOL
33 - 25 M Gaya Dada KU E. F. G. H Putra,12,3,ALDWYNE SETIAWAN,HAPPY SWIMMING CLUB
33 - 25 M Gaya Dada KU E. F. G. H Putra,12,4,SALMAN ALFARITSI,TIRTA ADIPURA SWIMMING SCHOOL
33 - 25 M Gaya Dada KU E. F. G. H Putra,12,5,MUHAMMAD SOFYAN AL-GHAZALI,FANTASTIC SWIMMING
33 - 25 M Gaya Dada KU E. F. G. H Putra,12,6,MUHAMMAD LUTFI HAMSYARI,SDN 259 GRIYA BUMI ANTAPANI
33 - 25 M Gaya Dada KU E. F. G. H Putra,13,1,DAFFA ADILLA LIANSAH,TIRTA ADIPURA SWIMMING SCHOOL
33 - 25 M Gaya Dada KU E. F. G. H Putra,13,2,EZRA SAKHA ANDRIAN,EAGLES SWIMMING COURSE
33 - 25 M Gaya Dada KU E. F. G. H Putra,13,3,MAHARDIKA RADITYA KUSUMAH,SN BURUYNGOJAY
33 - 25 M Gaya Dada KU E. F. G. H Putra,13,4,HAMZAH RAZIQ IBRAHIM,TIRTA ADIPURA SWIMMING SCHOOL
33 - 25 M Gaya Dada KU E. F. G. H Putra,13,5,DAFFA KHAIRUL AZZAM,MASCOT SWIMMING CLUB
33 - 25 M Gaya Dada KU E. F. G. H Putra,13,6,ALFATIH AMAR,ANTARKTIKA
33 - 25 M Gaya Dada KU E. F. G. H Putra,14,1,RAJA DHANIYAL AZIZ FAUZI,BARRA SWIMMING CLUB
33 - 25 M Gaya Dada KU E. F. G. H Putra,14,2,SAKA ALBAQIYATUS DWIPUTRA,SN BURUYNGOJAY
33 - 25 M Gaya Dada KU E. F. G. H Putra,14,3,TAOPIK MUHAMAD RIDWAN,SN BURUYNGOJAY
33 - 25 M Gaya Dada KU E. F. G. H Putra,14,4,SYAUQI NALA SAKSANA,FAMILY SC
33 - 25 M Gaya Dada KU E. F. G. H Putra,14,5,RISKY SOUL ALFARES SEMBIRING,MASCOT SWIMMING CLUB
33 - 25 M Gaya Dada KU E. F. G. H Putra,14,6,PORIES MICHAEL PARSAORAN TAMBA,N112 SWIMMING CLUB
33 - 25 M Gaya Dada KU E. F. G. H Putra,15,1,EDWARD LIEM,LES
33 - 25 M Gaya Dada KU E. F. G. H Putra,15,2,ALTHAF BENZEMA,RIKO SWIMMING CLUB
33 - 25 M Gaya Dada KU E. F. G. H Putra,15,3,DEMETRIUS GEORGE SETIAWAN,PASIFIC SWIMMING CLUB
33 - 25 M Gaya Dada KU E. F. G. H Putra,15,4,NAFAR MUHAMMAD AFTHANI,HN SWIMMING COURSE
33 - 25 M Gaya Dada KU E. F. G. H Putra,15,5,RAHARDIAN AJI PUSPITA,DOLPHIN CHERRY FIELD
33 - 25 M Gaya Dada KU E. F. G. H Putra,15,6,UMAR MIBRAS SALAM,PKBM BINA INSANI BANDUNG
33 - 25 M Gaya Dada KU E. F. G. H Putra,16,1,MAGENTA SAKHA ALKHALIFI,HN SWIMMING COURSE
33 - 25 M Gaya Dada KU E. F. G. H Putra,16,2,FARRAZ ATHAYA RASYA,RIKO SWIMMING CLUB
33 - 25 M Gaya Dada KU E. F. G. H Putra,16,3,MUHAMMAD BILAL ATAYA FIRDAUS,IN-HU SWIMMING CLUB
33 - 25 M Gaya Dada KU E. F. G. H Putra,16,4,SAHREZA RAFA REGIAN,HN SWIMMING COURSE
33 - 25 M Gaya Dada KU E. F. G. H Putra,16,5,GIOVANI PUTRA,IN-HU SWIMMING CLUB
33 - 25 M Gaya Dada KU E. F. G. H Putra,16,6,RAYNARD AUSTIN PRATAMA,PASIFIC SWIMMING CLUB
34 - 25 M Gaya Dada KU E. G. H Putri,01,1,ALMIRA DWI FITRIA SETIAWAN,MASCOT SWIMMING CLUB
34 - 25 M Gaya Dada KU E. G. H Putri,01,2,ANINDIA DWI PUTRI,REX SPORT CLUB
34 - 25 M Gaya Dada KU E. G. H Putri,01,3,AZMYA RATIFA,DOLPHIN CHERRY FIELD
34 - 25 M Gaya Dada KU E. G. H Putri,01,4,ASAMI LAILA RAHMAN HAKIM,FAMILY SC
34 - 25 M Gaya Dada KU E. G. H Putri,01,5,ALULA DIFIA AMBERLYN,SWIMPLAY
34 - 25 M Gaya Dada KU E. G. H Putri,01,6,ADIBA SHAKILA HANS,ZAG SWIMMING SCHOOL
34 - 25 M Gaya Dada KU E. G. H Putri,02,1,CALISTA PUTRI,N112 SWIMMING CLUB
34 - 25 M Gaya Dada KU E. G. H Putri,02,2,DZALIQA NASHIRA SG,SWIMMING ACADEMY CENTER GARUT
34 - 25 M Gaya Dada KU E. G. H Putri,02,3,HAIRA ASYLA MARYAM,MI AD DIMYATI
34 - 25 M Gaya Dada KU E. G. H Putri,02,4,FATIMAH SYAKIRA TASHDIQ,SDIT BINTANG ISLAM
34 - 25 M Gaya Dada KU E. G. H Putri,02,5,CANTIKA JAMEELA ARDHYAKSA,N112 SWIMMING CLUB
34 - 25 M Gaya Dada KU E. G. H Putri,02,6,BTARI AISHA LANA,N112 SWIMMING CLUB
34 - 25 M Gaya Dada KU E. G. H Putri,03,1,JENNAIRA LUILIE JASMINE,N112 SWIMMING CLUB
34 - 25 M Gaya Dada KU E. G. H Putri,03,2,KANISA SAUFA NADIRA,SWIMMING ACADEMY CENTER GARUT
34 - 25 M Gaya Dada KU E. G. H Putri,03,3,MUTIARA QISTI HAIJATUL MAULA,MASCOT SWIMMING CLUB
34 - 25 M Gaya Dada KU E. G. H Putri,03,4,KARAISSA MIKAILA MOZA,EAGLES SWIMMING COURSE
34 - 25 M Gaya Dada KU E. G. H Putri,03,5,KALEA ARSYILA NALADHIPA,SWIMPLAY
34 - 25 M Gaya Dada KU E. G. H Putri,03,6,HAISHA HANANIA,TKI SWIMMING COURSE
34 - 25 M Gaya Dada KU E. G. H Putri,04,1,NOYA MALAYEKA ARHAN,ZAG SWIMMING SCHOOL
34 - 25 M Gaya Dada KU E. G. H Putri,04,2,RAISA ALMEIRA CANDRA,SN BURUYNGOJAY
34 - 25 M Gaya Dada KU E. G. H Putri,04,3,SYADZIA ZAHRATUSITA ISKANDAR,TRILOGY SWIMMING COURSE
34 - 25 M Gaya Dada KU E. G. H Putri,04,4,SHAKILA ALMAHYRA,N112 SWIMMING CLUB
34 - 25 M Gaya Dada KU E. G. H Putri,04,5,RAHHER AMIRA ZAHRANI,N112 SWIMMING CLUB
34 - 25 M Gaya Dada KU E. G. H Putri,04,6,NAFISAH SYAKIRA,TKI SWIMMING COURSE
34 - 25 M Gaya Dada KU E. G. H Putri,05,1,ZHEVANA PUTRI EFFENDI,BARRA SWIMMING CLUB
34 - 25 M Gaya Dada KU E. G. H Putri,05,2,ABIGAIL SHAKILA ATMARINI DELLA,HAPPY SWIMMING CLUB
34 - 25 M Gaya Dada KU E. G. H Putri,05,3,ADEEVA MASHAL MARWAH KURNIAWAN,N112 SWIMMING
34 - 25 M Gaya Dada KU E. G. H Putri,05,4,ADEEVA MASHAL,N112 SWIMMING CLUB
34 - 25 M Gaya Dada KU E. G. H Putri,05,5,LEYSA EVELYNA ASYIFA,N112 SWIMMING CLUB
34 - 25 M Gaya Dada KU E. G. H Putri,05,6,TSABRINA AURELIA RAVINZA,REX SPORT CLUB
34 - 25 M Gaya Dada KU E. G. H Putri,06,1,ALSAVANA LITUHAYU SVARNA FIDDIN,HAPPY SWIMMING CLUB
34 - 25 M Gaya Dada KU E. G. H Putri,06,2,FREYA AIMARA SALSABILA,DOLPHIN CHERRY FIELD
34 - 25 M Gaya Dada KU E. G. H Putri,06,3,KALINTANG ADISTIA SYAHRIN,SN BURUYNGOJAY
34 - 25 M Gaya Dada KU E. G. H Putri,06,4,GIZELLE ALLISON STEVEN,TKI SWIMMING COURSE
34 - 25 M Gaya Dada KU E. G. H Putri,06,5,CHARLOTTE CINTA MAGDALENA WOLSINK,N112 SWIMMING CLUB
34 - 25 M Gaya Dada KU E. G. H Putri,06,6,AFIKA AYUDIA INARA,N112 SWIMMING CLUB
34 - 25 M Gaya Dada KU E. G. H Putri,07,1,NAZWA NURMAULIDA S,N112 SWIMMING CLUB
34 - 25 M Gaya Dada KU E. G. H Putri,07,2,SHERINA AZARINE HIDAYAH,ANTARKTIKA
34 - 25 M Gaya Dada KU E. G. H Putri,07,3,SYADZA AFSHEEN ELSHANUM BANGKIT,N112 SWIMMING CLUB
34 - 25 M Gaya Dada KU E. G. H Putri,07,4,SHIRIN AFIEF BAASIR,ANTARKTIKA
34 - 25 M Gaya Dada KU E. G. H Putri,07,5,SANUM ALMAIRA GHASSANI,FANTASTIC SWIMMING
34 - 25 M Gaya Dada KU E. G. H Putri,07,6,KANAYA KHANZA HIMAWAN,HAPPY SWIMMING CLUB
34 - 25 M Gaya Dada KU E. G. H Putri,08,1,WANDA SHERLY ANASTASYA PUTRI,SN BURUYNGOJAY
34 - 25 M Gaya Dada KU E. G. H Putri,08,2,ZAISHARA DANESH WIRAWAN,TKI SWIMMING COURSE
34 - 25 M Gaya Dada KU E. G. H Putri,08,3,ARETHA KARTIKA GHANIYYA,FAMILY SC
34 - 25 M Gaya Dada KU E. G. H Putri,08,4,ZIANKA MAZAYA ELSHANUM ANANTO,TKI SWIMMING COURSE
34 - 25 M Gaya Dada KU E. G. H Putri,08,5,ZAHRA ALISHA PRATAMA,SN BURUYNGOJAY
34 - 25 M Gaya Dada KU E. G. H Putri,08,6,SYAKIRA FAQIHATU NURUZAIN,N112 SWIMMING CLUB
34 - 25 M Gaya Dada KU E. G. H Putri,09,1,GISEL HASTRI SITANGGANG,MASCOT SWIMMING CLUB
34 - 25 M Gaya Dada KU E. G. H Putri,09,2,KHAYLA SAUQIYA GUNAWAN,FANTASTIC SWIMMING
34 - 25 M Gaya Dada KU E. G. H Putri,09,3,NAGITA THAFANA YUDITH,TKI SWIMMING COURSE
34 - 25 M Gaya Dada KU E. G. H Putri,09,4,NADILA PUTRI KUSTIANI,SN BURUYNGOJAY
34 - 25 M Gaya Dada KU E. G. H Putri,09,5,KHANSA DEISYA ALTHAFUNNISA,PUTRA INTAN SWIMMING
34 - 25 M Gaya Dada KU E. G. H Putri,09,6,FAHIRA NUR SUCIYANTI,HN SWIMMING COURSE
34 - 25 M Gaya Dada KU E. G. H Putri,10,1,NAURA SAJJIDAH QISYA,ZAG SWIMMING SCHOOL
34 - 25 M Gaya Dada KU E. G. H Putri,10,2,TANISHA INDRA AZARIA,N112 SWIMMING CLUB
34 - 25 M Gaya Dada KU E. G. H Putri,10,3,ZAHRA NUR OKTAVIANI,SN BURUYNGOJAY
34 - 25 M Gaya Dada KU E. G. H Putri,10,4,ZAHIRA AMRIJA RAHMANI,N112 SWIMMING CLUB
34 - 25 M Gaya Dada KU E. G. H Putri,10,5,SHAREEFA JEHAN AZKA AMIRA,ZAG SWIMMING SCHOOL
34 - 25 M Gaya Dada KU E. G. H Putri,10,6,NASHWA AZZAHRA,SN BURUYNGOJAY
34 - 25 M Gaya Dada KU E. G. H Putri,11,1,AQEELA NARAYA MARINDRA PUTRI,MASCOT SWIMMING CLUB
34 - 25 M Gaya Dada KU E. G. H Putri,11,2,CATALEYA JANEETA ARDHYAKSA,N112 SWIMMING CLUB
34 - 25 M Gaya Dada KU E. G. H Putri,11,3,KANAYA ADISTY HUSNIYYAH,DOLPHIN CHERRY FIELD
34 - 25 M Gaya Dada KU E. G. H Putri,11,4,FIKRATUHA NAJIBAH ZAFIRAH,MASCOT SWIMMING CLUB
34 - 25 M Gaya Dada KU E. G. H Putri,11,5,ASYFA NISSA BALQIES,PUTRA INTAN SWIMMING
34 - 25 M Gaya Dada KU E. G. H Putri,11,6,ALIFIA NAUFALIN JULIA RABBANI,MASCOT SWIMMING CLUB
34 - 25 M Gaya Dada KU E. G. H Putri,12,1,LAMTIVANA EMYTHA VIRIDHA,ZAG SWIMMING SCHOOL
34 - 25 M Gaya Dada KU E. G. H Putri,12,2,NAYYARA MALAYEKA SALSABILA,N112 SWIMMING CLUB
34 - 25 M Gaya Dada KU E. G. H Putri,12,3,NIDA AULIYA RINDANI,MTS QUWATUL IMAN
34 - 25 M Gaya Dada KU E. G. H Putri,12,4,NICOLE MELONA RAYA,EAGLES SWIMMING COURSE
34 - 25 M Gaya Dada KU E. G. H Putri,12,5,MEDYTA JIHAN NURIL AWALI,MASCOT SWIMMING CLUB
34 - 25 M Gaya Dada KU E. G. H Putri,12,6,KEYLA RAHMI IDLAL HUSNIYYAH,DOLPHIN CHERRY FIELD
34 - 25 M Gaya Dada KU E. G. H Putri,13,1,RAISHA ADRIANA HUMAIRA,MASCOT SWIMMING CLUB
34 - 25 M Gaya Dada KU E. G. H Putri,13,2,NURI NOVIYANTI,RIKO SWIMMING CLUB
34 - 25 M Gaya Dada KU E. G. H Putri,13,3,FATIMAH SYAQILLA KHAIRINA,HN SWIMMING COURSE
34 - 25 M Gaya Dada KU E. G. H Putri,13,4,DZALIKA SIDQIA NUR IZZATUNNISA,HN SWIMMING COURSE
34 - 25 M Gaya Dada KU E. G. H Putri,13,5,ZASKIA AINNIZA TSANI,SN BURUYNGOJAY
34 - 25 M Gaya Dada KU E. G. H Putri,13,6,NURUL AZAHRA RITONGA,MASCOT SWIMMING CLUB
34 - 25 M Gaya Dada KU E. G. H Putri,14,1,GANESHA LINTANG PRAKA,YOURSWIMM
34 - 25 M Gaya Dada KU E. G. H Putri,14,2,ERICA ZOEY WIJAYA,PASIFIC SWIMMING CLUB
34 - 25 M Gaya Dada KU E. G. H Putri,14,3,ANDARA KHANZA SALSABILA KUSUMA,RIKO SWIMMING CLUB
34 - 25 M Gaya Dada KU E. G. H Putri,14,4,ANJELITA SETYAWAN,IN-HU SWIMMING CLUB
34 - 25 M Gaya Dada KU E. G. H Putri,14,5,DEWIE DELIA NUR ANNISA,HN SWIMMING COURSE
34 - 25 M Gaya Dada KU E. G. H Putri,14,6,KATHERINE OLIVIA ASWIN,PASIFIC SWIMMING CLUB
35 - 25 M Gaya Bebas KU E. F. G. H Putra,01,1,AHSAN NUGRAHA HERMAWAN,TIRTA ADIPURA SWIMMING SCHOOL
35 - 25 M Gaya Bebas KU E. F. G. H Putra,01,2,DIRGA PRATAMA,HN SWIMMING COURSE
35 - 25 M Gaya Bebas KU E. F. G. H Putra,01,3,GIBELON ALFARIZQY KURNIA,ANGKASA AQUATIC CLUB
35 - 25 M Gaya Bebas KU E. F. G. H Putra,01,4,FIDELIS ETHAN SIDDIK,N112 SWIMMING CLUB
35 - 25 M Gaya Bebas KU E. F. G. H Putra,01,5,ATAYA AGASTHYA NARARYA,N112 SWIMMING CLUB
35 - 25 M Gaya Bebas KU E. F. G. H Putra,01,6,M. HAYKAL ANANTA P LUBIS,N112 SWIMMING CLUB
35 - 25 M Gaya Bebas KU E. F. G. H Putra,02,1,KENJIRO AFFAN AL-FATIH,FAMILY SC
35 - 25 M Gaya Bebas KU E. F. G. H Putra,02,2,MOH. HAFIZ PUTRA,MI AL-FURQON BANDUNG
35 - 25 M Gaya Bebas KU E. F. G. H Putra,02,3,MUHAMMAD ARKHAN ALFATIH,N112 SWIMMING CLUB
35 - 25 M Gaya Bebas KU E. F. G. H Putra,02,4,MUHAMMAD AFKAR SYA'BANA,FAMILY SC
35 - 25 M Gaya Bebas KU E. F. G. H Putra,02,5,LEMUEL DEAN KEIJI SIHALOHO,BARRA SWIMMING CLUB
35 - 25 M Gaya Bebas KU E. F. G. H Putra,02,6,GYBRANKHA WIBISANA SATYA HINDARTO,SD ARRAFI
35 - 25 M Gaya Bebas KU E. F. G. H Putra,03,1,WIRASENA DEAN VARENIG SUTOPO,EAGLES SWIMMING COURSE
35 - 25 M Gaya Bebas KU E. F. G. H Putra,03,2,DASTAN RAMADHAN HIMBAR BUANA,TETRA SWIMMING COURSE
35 - 25 M Gaya Bebas KU E. F. G. H Putra,03,3,ELVIN KWAN,HAPPY SWIMMING CLUB
35 - 25 M Gaya Bebas KU E. F. G. H Putra,03,4,DEAN ANDARU NARESWARA,FAMILY SC
35 - 25 M Gaya Bebas KU E. F. G. H Putra,03,5,ALFATIH GIBRAN SYAFANDARU,N112 SWIMMING CLUB
35 - 25 M Gaya Bebas KU E. F. G. H Putra,03,6,MUHAMMAD ASYQAR SYA'BANI,FAMILY SC
35 - 25 M Gaya Bebas KU E. F. G. H Putra,04,1,GHAZI AHMAD WAHYUDIN,IN-HU SWIMMING CLUB
35 - 25 M Gaya Bebas KU E. F. G. H Putra,04,2,MUHAMMAD BAGI SAFARIZ JAWAHIR,FANTASTIC SWIMMING
35 - 25 M Gaya Bebas KU E. F. G. H Putra,04,3,HADANA SUPRIATNA,REX SPORT CLUB
35 - 25 M Gaya Bebas KU E. F. G. H Putra,04,4,RITZCEDA GERALD HALIM,N112 SWIMMING CLUB
35 - 25 M Gaya Bebas KU E. F. G. H Putra,04,5,MUHAMMAD  ATHAYA AKMAL,HAPPY SWIMMING CLUB
35 - 25 M Gaya Bebas KU E. F. G. H Putra,04,6,FAIZ LAKSMANA DWIPUTRA,REX SPORT CLUB
35 - 25 M Gaya Bebas KU E. F. G. H Putra,05,1,LEOPOLD DARIUS KEICHIRO SIHALOHO,BARRA SWIMMING CLUB
35 - 25 M Gaya Bebas KU E. F. G. H Putra,05,2,MOCHAMMAD RIZQI ALLGHYFANI,TIRTA ADIPURA SWIMMING SCHOOL
35 - 25 M Gaya Bebas KU E. F. G. H Putra,05,3,MUHAMMAD ARRASY HABIBIE,HAPPY SWIMMING CLUB
35 - 25 M Gaya Bebas KU E. F. G. H Putra,05,4,MOHAMAD AZZAM ARRAFIF,MASCOT SWIMMING CLUB
35 - 25 M Gaya Bebas KU E. F. G. H Putra,05,5,LUKE BROOKLYN PHOA,N112 SWIMMING CLUB
35 - 25 M Gaya Bebas KU E. F. G. H Putra,05,6,JAKA WINATA SUBRANA,TIRTA ADIPURA SWIMMING SCHOOL
35 - 25 M Gaya Bebas KU E. F. G. H Putra,06,1,MUHAMMAD LUTFI HAMSYARI,SDN 259 GRIYA BUMI ANTAPANI
35 - 25 M Gaya Bebas KU E. F. G. H Putra,06,2,SALMAN ALFARITSI,TIRTA ADIPURA SWIMMING SCHOOL
35 - 25 M Gaya Bebas KU E. F. G. H Putra,06,3,ALDWYNE SETIAWAN,HAPPY SWIMMING CLUB
35 - 25 M Gaya Bebas KU E. F. G. H Putra,06,4,ZULFAN AKBAR ALKAUTSAR,MASCOT SWIMMING CLUB
35 - 25 M Gaya Bebas KU E. F. G. H Putra,06,5,MUHAMMAD SOFYAN AL-GHAZALI,FANTASTIC SWIMMING
35 - 25 M Gaya Bebas KU E. F. G. H Putra,06,6,MUHAMMAD DAMAR ALIFIANDRA,HAPPY SWIMMING CLUB
35 - 25 M Gaya Bebas KU E. F. G. H Putra,07,1,DAFFA KHAIRUL AZZAM,MASCOT SWIMMING CLUB
35 - 25 M Gaya Bebas KU E. F. G. H Putra,07,2,HAMZAH RAZIQ IBRAHIM,TIRTA ADIPURA SWIMMING SCHOOL
35 - 25 M Gaya Bebas KU E. F. G. H Putra,07,3,RAJA DHANIYAL AZIZ FAUZI,BARRA SWIMMING CLUB
35 - 25 M Gaya Bebas KU E. F. G. H Putra,07,4,MUHAMMAD RADIT NAUFAL ABDILLAH,MASCOT SWIMMING CLUB
35 - 25 M Gaya Bebas KU E. F. G. H Putra,07,5,FEDERER TANU SOLIHIN,N112 SWIMMING CLUB
35 - 25 M Gaya Bebas KU E. F. G. H Putra,07,6,DAFFA ADILLA LIANSAH,TIRTA ADIPURA SWIMMING SCHOOL
35 - 25 M Gaya Bebas KU E. F. G. H Putra,08,1,WAHID NUR YAKIN,CIBANTENG SWIMMING COURSE
35 - 25 M Gaya Bebas KU E. F. G. H Putra,08,2,RAYNARD AUSTIN PRATAMA,PASIFIC SWIMMING CLUB
35 - 25 M Gaya Bebas KU E. F. G. H Putra,08,3,SAHREZA RAFA REGIAN,HN SWIMMING COURSE
35 - 25 M Gaya Bebas KU E. F. G. H Putra,08,4,ZAKY YOGA PRATAMA,HN SWIMMING COURSE
35 - 25 M Gaya Bebas KU E. F. G. H Putra,08,5,DEMETRIUS GEORGE SETIAWAN,PASIFIC SWIMMING CLUB
35 - 25 M Gaya Bebas KU E. F. G. H Putra,08,6,UMAR MIBRAS SALAM,PKBM BINA INSANI BANDUNG
36 - 25 M Gaya Bebas KU E. G. H Putri,01,1,ANINDIA DWI PUTRI,REX SPORT CLUB
36 - 25 M Gaya Bebas KU E. G. H Putri,01,2,HANIFA RIZKIA PUTRI,SDN CIPEUJEUH 1
36 - 25 M Gaya Bebas KU E. G. H Putri,01,3,JENNAIRA LUILIE JASMINE,N112 SWIMMING CLUB
36 - 25 M Gaya Bebas KU E. G. H Putri,01,4,HAURA A.G. MARTIAGO,N112 SWIMMING CLUB
36 - 25 M Gaya Bebas KU E. G. H Putri,01,5,FELICIA YURA LEVIANA,SD SANTA MARIA CIMAHI
36 - 25 M Gaya Bebas KU E. G. H Putri,02,1,SHAKILA ALMAHYRA,N112 SWIMMING CLUB
36 - 25 M Gaya Bebas KU E. G. H Putri,02,2,LEYSA EVELYNA ASYIFA,N112 SWIMMING CLUB
36 - 25 M Gaya Bebas KU E. G. H Putri,02,3,ADEEVA MASHAL MARWAH KURNIAWAN,N112 SWIMMING
36 - 25 M Gaya Bebas KU E. G. H Putri,02,4,ABIGAIL SHAKILA ATMARINI DELLA,HAPPY SWIMMING CLUB
36 - 25 M Gaya Bebas KU E. G. H Putri,02,5,TSABRINA AURELIA RAVINZA,REX SPORT CLUB
36 - 25 M Gaya Bebas KU E. G. H Putri,02,6,RAHHER AMIRA ZAHRANI,N112 SWIMMING CLUB
36 - 25 M Gaya Bebas KU E. G. H Putri,03,1,KALINTANG ADISTIA SYAHRIN,SN BURUYNGOJAY
36 - 25 M Gaya Bebas KU E. G. H Putri,03,2,NARKEASHA ALEENA SALAMA PRASETYO,N112 SWIMMING CLUB
36 - 25 M Gaya Bebas KU E. G. H Putri,03,3,RATIFA NURUL ILMI FAKHIRA,SDN NEGLASARI
36 - 25 M Gaya Bebas KU E. G. H Putri,03,4,NAZWA NURMAULIDA S,N112 SWIMMING CLUB
36 - 25 M Gaya Bebas KU E. G. H Putri,03,5,MENTARI ZIVANA ALISTYA RAHMAN,IN-HU SWIMMING CLUB
36 - 25 M Gaya Bebas KU E. G. H Putri,03,6,ALSAVANA LITUHAYU SVARNA FIDDIN,HAPPY SWIMMING CLUB
36 - 25 M Gaya Bebas KU E. G. H Putri,04,1,SYAKILA AZURA AKMALIYAH,N112 SWIMMING CLUB
36 - 25 M Gaya Bebas KU E. G. H Putri,04,2,ARETHA KARTIKA GHANIYYA,FAMILY SC
36 - 25 M Gaya Bebas KU E. G. H Putri,04,3,KATARINA CLAIRINE NAOMI WIGUNA,N112 SWIMMING CLUB
36 - 25 M Gaya Bebas KU E. G. H Putri,04,4,CALISTA ZIA ZAHRA,N112 SWIMMING CLUB
36 - 25 M Gaya Bebas KU E. G. H Putri,04,5,ZIANKA MAZAYA ELSHANUM ANANTO,TKI SWIMMING COURSE
36 - 25 M Gaya Bebas KU E. G. H Putri,04,6,SHERINA AZARINE HIDAYAH,ANTARKTIKA
36 - 25 M Gaya Bebas KU E. G. H Putri,05,1,KHAYLA SAUQIYA GUNAWAN,FANTASTIC SWIMMING
36 - 25 M Gaya Bebas KU E. G. H Putri,05,2,ASSYIFATU HAIFA FITRIA,MASCOT SWIMMING CLUB
36 - 25 M Gaya Bebas KU E. G. H Putri,05,3,MEDYTA JIHAN NURIL AWALI,MASCOT SWIMMING CLUB
36 - 25 M Gaya Bebas KU E. G. H Putri,05,4,CATALEYA JANEETA ARDHYAKSA,N112 SWIMMING CLUB
36 - 25 M Gaya Bebas KU E. G. H Putri,05,5,NAGITA THAFANA YUDITH,TKI SWIMMING COURSE
36 - 25 M Gaya Bebas KU E. G. H Putri,05,6,KHATARINA CARISSA AURORA,N112 SWIMMING CLUB
36 - 25 M Gaya Bebas KU E. G. H Putri,06,1,NURI NOVIYANTI,RIKO SWIMMING CLUB
36 - 25 M Gaya Bebas KU E. G. H Putri,06,2,RACHEL GAENORETHA APTAODELLA,TKI SWIMMING COURSE
36 - 25 M Gaya Bebas KU E. G. H Putri,06,3,CHARISSA JOICELYN SEMBIRING,RIKO SWIMMING CLUB
36 - 25 M Gaya Bebas KU E. G. H Putri,06,4,RAISHA ADRIANA HUMAIRA,MASCOT SWIMMING CLUB
36 - 25 M Gaya Bebas KU E. G. H Putri,06,5,NURUL AZAHRA RITONGA,MASCOT SWIMMING CLUB
36 - 25 M Gaya Bebas KU E. G. H Putri,06,6,NIQIFA KIRANI SETIAWAN,SN BURUYNGOJAY
36 - 25 M Gaya Bebas KU E. G. H Putri,07,1,DEWIE DELIA NUR ANNISA,HN SWIMMING COURSE
36 - 25 M Gaya Bebas KU E. G. H Putri,07,2,ANJELITA SETYAWAN,IN-HU SWIMMING CLUB
36 - 25 M Gaya Bebas KU E. G. H Putri,07,3,ANDARA KHANZA SALSABILA KUSUMA,RIKO SWIMMING CLUB
36 - 25 M Gaya Bebas KU E. G. H Putri,07,4,NADHIFA PUTRI SELIA,N112 SWIMMING CLUB
36 - 25 M Gaya Bebas KU E. G. H Putri,07,5,ERICA ZOEY WIJAYA,PASIFIC SWIMMING CLUB
36 - 25 M Gaya Bebas KU E. G. H Putri,07,6,KATHERINE OLIVIA ASWIN,PASIFIC SWIMMING CLUB
37 - 25 M Gaya Kupu-Kupu KU E. F. G. H Putra,01,1,ARSAKHA RANSI MAULANA,HN SWIMMING COURSE
37 - 25 M Gaya Kupu-Kupu KU E. F. G. H Putra,01,2,GIBELON ALFARIZQY KURNIA,ANGKASA AQUATIC CLUB
37 - 25 M Gaya Kupu-Kupu KU E. F. G. H Putra,01,3,WIRASENA DEAN VARENIG SUTOPO,EAGLES SWIMMING COURSE
37 - 25 M Gaya Kupu-Kupu KU E. F. G. H Putra,01,4,MUHAMMAD ARRASYID RAMADHAN,SN BURUYNGOJAY
37 - 25 M Gaya Kupu-Kupu KU E. F. G. H Putra,01,5,ATAYA AGASTHYA NARARYA,N112 SWIMMING CLUB
37 - 25 M Gaya Kupu-Kupu KU E. F. G. H Putra,01,6,ARKANDRA FAEYZA ALFAREZI,TIRTA ADIPURA SWIMMING SCHOOL
37 - 25 M Gaya Kupu-Kupu KU E. F. G. H Putra,02,1,HAIKAL GINANJAR AL AHMAD,FAMILY SC
37 - 25 M Gaya Kupu-Kupu KU E. F. G. H Putra,02,2,MOCHAMMAD RIZQI ALLGHYFANI,TIRTA ADIPURA SWIMMING SCHOOL
37 - 25 M Gaya Kupu-Kupu KU E. F. G. H Putra,02,3,SALMAN ALFARITSI,TIRTA ADIPURA SWIMMING SCHOOL
37 - 25 M Gaya Kupu-Kupu KU E. F. G. H Putra,02,4,MUHAMMAD LUTFI HAMSYARI,SDN 259 GRIYA BUMI ANTAPANI
37 - 25 M Gaya Kupu-Kupu KU E. F. G. H Putra,02,5,ALARIC EMYR ARYATYAGA,MASCOT SWIMMING CLUB
37 - 25 M Gaya Kupu-Kupu KU E. F. G. H Putra,02,6,GHAZI AHMAD WAHYUDIN,IN-HU SWIMMING CLUB
37 - 25 M Gaya Kupu-Kupu KU E. F. G. H Putra,03,1,SAHREZA RAFA REGIAN,HN SWIMMING COURSE
37 - 25 M Gaya Kupu-Kupu KU E. F. G. H Putra,03,2,TAOPIK MUHAMAD RIDWAN,SN BURUYNGOJAY
37 - 25 M Gaya Kupu-Kupu KU E. F. G. H Putra,03,3,GIOVANI PUTRA,IN-HU SWIMMING CLUB
37 - 25 M Gaya Kupu-Kupu KU E. F. G. H Putra,03,4,MUHAMMAD BILAL ATAYA FIRDAUS,IN-HU SWIMMING CLUB
37 - 25 M Gaya Kupu-Kupu KU E. F. G. H Putra,03,5,SULTHAN MIQDAM,TIRTA ADIPURA SWIMMING SCHOOL
37 - 25 M Gaya Kupu-Kupu KU E. F. G. H Putra,03,6,DAFFA ADILLA LIANSAH,TIRTA ADIPURA SWIMMING SCHOOL
38 - 25 M Gaya Kupu-Kupu KU E. G. H Putri,01,1,FELICIA YURA LEVIANA,SD SANTA MARIA CIMAHI
38 - 25 M Gaya Kupu-Kupu KU E. G. H Putri,01,2,MENTARI ZIVANA ALISTYA RAHMAN,IN-HU SWIMMING CLUB
38 - 25 M Gaya Kupu-Kupu KU E. G. H Putri,01,3,CALISTA ZIA ZAHRA,N112 SWIMMING CLUB
38 - 25 M Gaya Kupu-Kupu KU E. G. H Putri,01,4,MUTIA PUTRI RAHAYU,FAMILY SC
38 - 25 M Gaya Kupu-Kupu KU E. G. H Putri,01,5,AYUNINDYA LAKEISHA,RIKO SWIMMING CLUB
38 - 25 M Gaya Kupu-Kupu KU E. G. H Putri,01,6,CHARISSA JOICELYN SEMBIRING,RIKO SWIMMING CLUB
38 - 25 M Gaya Kupu-Kupu KU E. G. H Putri,02,1,ANJELITA SETYAWAN,IN-HU SWIMMING CLUB
38 - 25 M Gaya Kupu-Kupu KU E. G. H Putri,02,2,NABILA CAHYA YUSMA,HN SWIMMING COURSE
38 - 25 M Gaya Kupu-Kupu KU E. G. H Putri,02,3,ANDARA KHANZA SALSABILA KUSUMA,RIKO SWIMMING CLUB
38 - 25 M Gaya Kupu-Kupu KU E. G. H Putri,02,4,NADHIFA PUTRI SELIA,N112 SWIMMING CLUB
38 - 25 M Gaya Kupu-Kupu KU E. G. H Putri,02,5,CATALEYA JANEETA ARDHYAKSA,N112 SWIMMING CLUB
38 - 25 M Gaya Kupu-Kupu KU E. G. H Putri,02,6,KATARINA CLAIRINE NAOMI WIGUNA,N112 SWIMMING CLUB
39 - 25 M Gaya Punggung KU E. F. G. H Putra,01,1,GIBELON ALFARIZQY KURNIA,ANGKASA AQUATIC CLUB
39 - 25 M Gaya Punggung KU E. F. G. H Putra,01,2,AZFAR AMARULLAH,FAMILY SC
39 - 25 M Gaya Punggung KU E. F. G. H Putra,01,3,RAYNARD AUSTIN PRATAMA,PASIFIC SWIMMING CLUB
39 - 25 M Gaya Punggung KU E. F. G. H Putra,01,4,MUHAMMAD ALFINO ALCANTARA,FAMILY SC
39 - 25 M Gaya Punggung KU E. F. G. H Putra,01,5,WIRASENA DEAN VARENIG SUTOPO,EAGLES SWIMMING COURSE
39 - 25 M Gaya Punggung KU E. F. G. H Putra,01,6,ARSAKHA RANSI MAULANA,HN SWIMMING COURSE
39 - 25 M Gaya Punggung KU E. F. G. H Putra,02,1,MOCHAMMAD RIZQI ALLGHYFANI,TIRTA ADIPURA SWIMMING SCHOOL
39 - 25 M Gaya Punggung KU E. F. G. H Putra,02,2,SAHREZA RAFA REGIAN,HN SWIMMING COURSE
39 - 25 M Gaya Punggung KU E. F. G. H Putra,02,3,RADEN GENTA MAULANA YUSUF,BLUE OCEAN AQUATIC CLUB
39 - 25 M Gaya Punggung KU E. F. G. H Putra,02,4,SULTHAN MIQDAM,TIRTA ADIPURA SWIMMING SCHOOL
39 - 25 M Gaya Punggung KU E. F. G. H Putra,02,5,MUHAMMAD LUTFI HAMSYARI,SDN 259 GRIYA BUMI ANTAPANI
39 - 25 M Gaya Punggung KU E. F. G. H Putra,02,6,LUKE BROOKLYN PHOA,N112 SWIMMING CLUB
40 - 25 M Gaya Punggung KU E. G. H Putri,01,2,ARSYLA TAOPIKA AZNII,FAMILY SC
40 - 25 M Gaya Punggung KU E. G. H Putri,01,3,ANINDITA KEISHA AZ-AZAHRA,FAMILY SC
40 - 25 M Gaya Punggung KU E. G. H Putri,02,1,FAIRA MIKAYLA AZZAHRA,FAMILY SC
40 - 25 M Gaya Punggung KU E. G. H Putri,02,2,MENTARI ZIVANA ALISTYA RAHMAN,IN-HU SWIMMING CLUB
40 - 25 M Gaya Punggung KU E. G. H Putri,02,3,ANDARA KHANZA SALSABILA KUSUMA,RIKO SWIMMING CLUB
40 - 25 M Gaya Punggung KU E. G. H Putri,02,4,MUTIA PUTRI RAHAYU,FAMILY SC
40 - 25 M Gaya Punggung KU E. G. H Putri,02,5,FATMA FARIISHTA FAOZAN,N112 SWIMMING CLUB
40 - 25 M Gaya Punggung KU E. G. H Putri,02,6,RAHHER AMIRA ZAHRANI,N112 SWIMMING CLUB
40 - 25 M Gaya Punggung KU E. G. H Putri,03,1,KHATARINA CARISSA AURORA,N112 SWIMMING CLUB
40 - 25 M Gaya Punggung KU E. G. H Putri,03,2,FREYA ANINDITA AGHNA MUCHTAR,TIRTA ADIPURA SWIMMING SCHOOL
40 - 25 M Gaya Punggung KU E. G. H Putri,03,3,KATHERINE OLIVIA ASWIN,PASIFIC SWIMMING CLUB
40 - 25 M Gaya Punggung KU E. G. H Putri,03,4,ERICA ZOEY WIJAYA,PASIFIC SWIMMING CLUB
40 - 25 M Gaya Punggung KU E. G. H Putri,03,5,DEWIE DELIA NUR ANNISA,HN SWIMMING COURSE
40 - 25 M Gaya Punggung KU E. G. H Putri,03,6,KATARINA CLAIRINE NAOMI WIGUNA,N112 SWIMMING CLUB
41 - 50 M Gaya Bebas Fins KU D. E. F. G. H Putra,01,1,FAIREL ALFARIZQI RAMADHAN,SN BURUYNGOJAY
41 - 50 M Gaya Bebas Fins KU D. E. F. G. H Putra,01,2,MUHAMMAD GANIF ABIDZAR ZAKIANDRA,RIKO SWIMMING CLUB
41 - 50 M Gaya Bebas Fins KU D. E. F. G. H Putra,01,3,GYBRANKHA WIBISANA SATYA HINDARTO,SD ARRAFI
41 - 50 M Gaya Bebas Fins KU D. E. F. G. H Putra,01,4,AHSAN NUGRAHA HERMAWAN,TIRTA ADIPURA SWIMMING SCHOOL
41 - 50 M Gaya Bebas Fins KU D. E. F. G. H Putra,02,1,ALDIANOF SUGIAWAN,SWIMMING ACADEMY CENTER GARUT
41 - 50 M Gaya Bebas Fins KU D. E. F. G. H Putra,02,2,MICHAEL EFRAIM CHANDRA,HAPPY SWIMMING CLUB
41 - 50 M Gaya Bebas Fins KU D. E. F. G. H Putra,02,3,MUHAMMAD GIRI BADARUDDIN KAMIL,ANTARKTIKA
41 - 50 M Gaya Bebas Fins KU D. E. F. G. H Putra,02,4,MUHAMMAD  ATHAYA AKMAL,HAPPY SWIMMING CLUB
41 - 50 M Gaya Bebas Fins KU D. E. F. G. H Putra,02,5,FALHI MUZAKKI FILLAH,SWIMMING ACADEMY CENTER GARUT
41 - 50 M Gaya Bebas Fins KU D. E. F. G. H Putra,02,6,RIKI ABIYASA,SN BURUYNGOJAY
41 - 50 M Gaya Bebas Fins KU D. E. F. G. H Putra,03,1,ABID AQILA PRANAJA,MASCOT SWIMMING CLUB
41 - 50 M Gaya Bebas Fins KU D. E. F. G. H Putra,03,2,GYANDRA MAHESWARA SATYA HINDARTO,SMP ALFA CENTAURI
41 - 50 M Gaya Bebas Fins KU D. E. F. G. H Putra,03,3,MOCHAMMAD RIZQI ALLGHYFANI,TIRTA ADIPURA SWIMMING SCHOOL
41 - 50 M Gaya Bebas Fins KU D. E. F. G. H Putra,03,4,JAKA WINATA SUBRANA,TIRTA ADIPURA SWIMMING SCHOOL
41 - 50 M Gaya Bebas Fins KU D. E. F. G. H Putra,03,5,ALARIC EMYR ARYATYAGA,MASCOT SWIMMING CLUB
41 - 50 M Gaya Bebas Fins KU D. E. F. G. H Putra,03,6,RIZKIA M SIDIQ,SWIMMING ACADEMY CENTER GARUT
41 - 50 M Gaya Bebas Fins KU D. E. F. G. H Putra,04,1,MUHAMMAD ARRASY HABIBIE,HAPPY SWIMMING CLUB
41 - 50 M Gaya Bebas Fins KU D. E. F. G. H Putra,04,2,ALDWYNE SETIAWAN,HAPPY SWIMMING CLUB
41 - 50 M Gaya Bebas Fins KU D. E. F. G. H Putra,04,3,DAFFA KHAIRUL AZZAM,MASCOT SWIMMING CLUB
41 - 50 M Gaya Bebas Fins KU D. E. F. G. H Putra,04,4,ALFATIH AMAR,ANTARKTIKA
41 - 50 M Gaya Bebas Fins KU D. E. F. G. H Putra,04,5,ZAFRAN ZAIDAN ZULFAN,RIKO SWIMMING CLUB
41 - 50 M Gaya Bebas Fins KU D. E. F. G. H Putra,04,6,MOHAMAD AZZAM ARRAFIF,MASCOT SWIMMING CLUB
41 - 50 M Gaya Bebas Fins KU D. E. F. G. H Putra,05,1,MUHAMMAD RADIT NAUFAL ABDILLAH,MASCOT SWIMMING CLUB
41 - 50 M Gaya Bebas Fins KU D. E. F. G. H Putra,05,2,SAHREZA RAFA REGIAN,HN SWIMMING COURSE
41 - 50 M Gaya Bebas Fins KU D. E. F. G. H Putra,05,3,GIOVANI PUTRA,IN-HU SWIMMING CLUB
41 - 50 M Gaya Bebas Fins KU D. E. F. G. H Putra,05,4,RADEN GENTA MAULANA YUSUF,BLUE OCEAN AQUATIC CLUB
41 - 50 M Gaya Bebas Fins KU D. E. F. G. H Putra,05,5,TAOPIK MUHAMAD RIDWAN,SN BURUYNGOJAY
41 - 50 M Gaya Bebas Fins KU D. E. F. G. H Putra,05,6,MUHAMMAD BILAL ATAYA FIRDAUS,IN-HU SWIMMING CLUB
42 - 50 M Gaya Bebas Fins KU D. E. F. G. H Putri,01,1,HANA LAMIA ADREENA,IN-HU SWIMMING CLUB
42 - 50 M Gaya Bebas Fins KU D. E. F. G. H Putri,01,2,LEYSA EVELYNA ASYIFA,N112 SWIMMING CLUB
42 - 50 M Gaya Bebas Fins KU D. E. F. G. H Putri,01,3,ANNAJMA KEIKO AZAREIN,N112 SWIMMING CLUB
42 - 50 M Gaya Bebas Fins KU D. E. F. G. H Putri,02,1,AYUNINDYA LAKEISHA,RIKO SWIMMING CLUB
42 - 50 M Gaya Bebas Fins KU D. E. F. G. H Putri,02,2,KALINTANG ADISTIA SYAHRIN,SN BURUYNGOJAY
42 - 50 M Gaya Bebas Fins KU D. E. F. G. H Putri,02,3,KANAYA ZAHRA LALITA,IN-HU SWIMMING CLUB
42 - 50 M Gaya Bebas Fins KU D. E. F. G. H Putri,02,4,ANDARA KHANZA SALSABILA KUSUMA,RIKO SWIMMING CLUB
42 - 50 M Gaya Bebas Fins KU D. E. F. G. H Putri,02,5,FATMA FARIISHTA FAOZAN,N112 SWIMMING CLUB
42 - 50 M Gaya Bebas Fins KU D. E. F. G. H Putri,02,6,ABIGAIL SHAKILA ATMARINI DELLA,HAPPY SWIMMING CLUB
42 - 50 M Gaya Bebas Fins KU D. E. F. G. H Putri,03,1,FIKRATUHA NAJIBAH ZAFIRAH,MASCOT SWIMMING CLUB
42 - 50 M Gaya Bebas Fins KU D. E. F. G. H Putri,03,2,SHABIRA SALFA ARIFFIA,SWIMMING ACADEMY CENTER GARUT
42 - 50 M Gaya Bebas Fins KU D. E. F. G. H Putri,03,3,ERICA ZOEY WIJAYA,PASIFIC SWIMMING CLUB
42 - 50 M Gaya Bebas Fins KU D. E. F. G. H Putri,03,4,DEWIE DELIA NUR ANNISA,HN SWIMMING COURSE
42 - 50 M Gaya Bebas Fins KU D. E. F. G. H Putri,03,5,MEDYTA JIHAN NURIL AWALI,MASCOT SWIMMING CLUB
42 - 50 M Gaya Bebas Fins KU D. E. F. G. H Putri,03,6,ASSYIFATU HAIFA FITRIA,MASCOT SWIMMING CLUB
43 - 50 M Gaya Punggung Fins KU D. E. F. G. H Putra,01,1,GYANDRA MAHESWARA SATYA HINDARTO,SMP ALFA CENTAURI
43 - 50 M Gaya Punggung Fins KU D. E. F. G. H Putra,01,2,RADEN GENTA MAULANA YUSUF,BLUE OCEAN AQUATIC CLUB
43 - 50 M Gaya Punggung Fins KU D. E. F. G. H Putra,01,3,MOCHAMMAD RIZQI ALLGHYFANI,TIRTA ADIPURA SWIMMING SCHOOL
44 - 50 M Gaya Punggung Fins KU D. E. F. G. H Putri,01,1,KHATARINA CARISSA AURORA,N112 SWIMMING CLUB
44 - 50 M Gaya Punggung Fins KU D. E. F. G. H Putri,01,2,KAILA SHERLY SYIFA BELLA,SN BURUYNGOJAY
44 - 50 M Gaya Punggung Fins KU D. E. F. G. H Putri,01,3,GIVA ANAMI ANANDATRI,IN-HU SWIMMING CLUB
44 - 50 M Gaya Punggung Fins KU D. E. F. G. H Putri,02,1,KATARINA CLAIRINE NAOMI WIGUNA,N112 SWIMMING CLUB
44 - 50 M Gaya Punggung Fins KU D. E. F. G. H Putri,02,2,NIQIFA KIRANI SETIAWAN,SN BURUYNGOJAY
44 - 50 M Gaya Punggung Fins KU D. E. F. G. H Putri,02,3,AYUNINDYA LAKEISHA,RIKO SWIMMING CLUB
44 - 50 M Gaya Punggung Fins KU D. E. F. G. H Putri,02,4,ERICA ZOEY WIJAYA,PASIFIC SWIMMING CLUB
44 - 50 M Gaya Punggung Fins KU D. E. F. G. H Putri,02,5,GHEFANIA PRATAMI SURYAMAN,SN BURUYNGOJAY
45 - 50 M Gaya Kupu-Kupu Fins KU D. E. F. G. H Putra,01,2,MUHAMMAD ARRASYID RAMADHAN,SN BURUYNGOJAY
45 - 50 M Gaya Kupu-Kupu Fins KU D. E. F. G. H Putra,01,3,GYBRANKHA WIBISANA SATYA HINDARTO,SD ARRAFI
45 - 50 M Gaya Kupu-Kupu Fins KU D. E. F. G. H Putra,02,1,RIZKIA M SIDIQ,SWIMMING ACADEMY CENTER GARUT
45 - 50 M Gaya Kupu-Kupu Fins KU D. E. F. G. H Putra,02,2,FATHAN NARENDRA PUTRA SUPRIYADI,SN BURUYNGOJAY
45 - 50 M Gaya Kupu-Kupu Fins KU D. E. F. G. H Putra,02,3,MOCHAMMAD RIZQI ALLGHYFANI,TIRTA ADIPURA SWIMMING SCHOOL
45 - 50 M Gaya Kupu-Kupu Fins KU D. E. F. G. H Putra,02,4,GYANDRA MAHESWARA SATYA HINDARTO,SMP ALFA CENTAURI
45 - 50 M Gaya Kupu-Kupu Fins KU D. E. F. G. H Putra,02,5,MUHAMMAD KUDYA HYANG,N112 SWIMMING CLUB
45 - 50 M Gaya Kupu-Kupu Fins KU D. E. F. G. H Putra,03,1,ABIAS NUR RAMADAN,HN SWIMMING COURSE
45 - 50 M Gaya Kupu-Kupu Fins KU D. E. F. G. H Putra,03,2,MUHAMMAD BILAL ATAYA FIRDAUS,IN-HU SWIMMING CLUB
45 - 50 M Gaya Kupu-Kupu Fins KU D. E. F. G. H Putra,03,3,GIOVANI PUTRA,IN-HU SWIMMING CLUB
45 - 50 M Gaya Kupu-Kupu Fins KU D. E. F. G. H Putra,03,4,TAOPIK MUHAMAD RIDWAN,SN BURUYNGOJAY
45 - 50 M Gaya Kupu-Kupu Fins KU D. E. F. G. H Putra,03,5,ALFATIH AMAR,ANTARKTIKA
45 - 50 M Gaya Kupu-Kupu Fins KU D. E. F. G. H Putra,03,6,ZAFRAN ZAIDAN ZULFAN,RIKO SWIMMING CLUB
46 - 50 M Gaya Kupu-Kupu Fins KU D. E. F. G. H Putri,01,1,KAILA SHERLY SYIFA BELLA,SN BURUYNGOJAY
46 - 50 M Gaya Kupu-Kupu Fins KU D. E. F. G. H Putri,01,2,ANDARA KHANZA SALSABILA KUSUMA,RIKO SWIMMING CLUB
46 - 50 M Gaya Kupu-Kupu Fins KU D. E. F. G. H Putri,01,3,CHARISSA JOICELYN SEMBIRING,RIKO SWIMMING CLUB
46 - 50 M Gaya Kupu-Kupu Fins KU D. E. F. G. H Putri,01,4,GIVA ANAMI ANANDATRI,IN-HU SWIMMING CLUB
46 - 50 M Gaya Kupu-Kupu Fins KU D. E. F. G. H Putri,02,1,KHATARINA CARISSA AURORA,N112 SWIMMING CLUB
46 - 50 M Gaya Kupu-Kupu Fins KU D. E. F. G. H Putri,02,2,RAISHA ADRIANA HUMAIRA,MASCOT SWIMMING CLUB
46 - 50 M Gaya Kupu-Kupu Fins KU D. E. F. G. H Putri,02,3,ANJELITA SETYAWAN,IN-HU SWIMMING CLUB
46 - 50 M Gaya Kupu-Kupu Fins KU D. E. F. G. H Putri,02,4,AYUNINDYA LAKEISHA,RIKO SWIMMING CLUB
46 - 50 M Gaya Kupu-Kupu Fins KU D. E. F. G. H Putri,02,5,GHEFANIA PRATAMI SURYAMAN,SN BURUYNGOJAY
46 - 50 M Gaya Kupu-Kupu Fins KU D. E. F. G. H Putri,02,6,CALISTA ZIA ZAHRA,N112 SWIMMING CLUB
47 - 50 M Gaya Dada KU D. E. F. G. H Putra,01,1,MOH. HAFIZ PUTRA,MI AL-FURQON BANDUNG
47 - 50 M Gaya Dada KU D. E. F. G. H Putra,01,2,ALDIANOF SUGIAWAN,SWIMMING ACADEMY CENTER GARUT
47 - 50 M Gaya Dada KU D. E. F. G. H Putra,01,3,MUHAMMAD ARRASYID RAMADHAN,SN BURUYNGOJAY
47 - 50 M Gaya Dada KU D. E. F. G. H Putra,01,4,GIBELON ALFARIZQY KURNIA,ANGKASA AQUATIC CLUB
47 - 50 M Gaya Dada KU D. E. F. G. H Putra,02,1,DEAN ANDARU NARESWARA,FAMILY SC
47 - 50 M Gaya Dada KU D. E. F. G. H Putra,02,2,HAIKAL GINANJAR AL AHMAD,FAMILY SC
47 - 50 M Gaya Dada KU D. E. F. G. H Putra,02,3,FATHAN NARENDRA PUTRA SUPRIYADI,SN BURUYNGOJAY
47 - 50 M Gaya Dada KU D. E. F. G. H Putra,02,4,ALARIC EMYR ARYATYAGA,MASCOT SWIMMING CLUB
47 - 50 M Gaya Dada KU D. E. F. G. H Putra,02,5,FALHI MUZAKKI FILLAH,SWIMMING ACADEMY CENTER GARUT
47 - 50 M Gaya Dada KU D. E. F. G. H Putra,02,6,AZZAM AL HAFIDZY,SWIMMING ACADEMY CENTER GARUT
47 - 50 M Gaya Dada KU D. E. F. G. H Putra,03,1,ABIAS NUR RAMADAN,HN SWIMMING COURSE
47 - 50 M Gaya Dada KU D. E. F. G. H Putra,03,2,RAKHA MUHAMMAD ZAAKIR ASHIDQI,SDN NEGLASARI
47 - 50 M Gaya Dada KU D. E. F. G. H Putra,03,3,MUHAMMAD BILAL ATAYA FIRDAUS,IN-HU SWIMMING CLUB
47 - 50 M Gaya Dada KU D. E. F. G. H Putra,03,4,FARRAZ ATHAYA RASYA,RIKO SWIMMING CLUB
47 - 50 M Gaya Dada KU D. E. F. G. H Putra,03,5,ZAKY YOGA PRATAMA,HN SWIMMING COURSE
47 - 50 M Gaya Dada KU D. E. F. G. H Putra,03,6,MOCHAMMAD RIZQI ALLGHYFANI,TIRTA ADIPURA SWIMMING SCHOOL
48 - 50 M Gaya Dada KU D. E. F. G. H Putri,01,2,FAZIA ALESHA ZAIN,HAPPY SWIMMING CLUB
48 - 50 M Gaya Dada KU D. E. F. G. H Putri,01,3,ADEEVA AGNIBRATA RAMADHANI,RIKO SWIMMING CLUB
48 - 50 M Gaya Dada KU D. E. F. G. H Putri,02,1,NAYRA NADHIFA RIYANDI,SD IT NUR AL RAHMAN
48 - 50 M Gaya Dada KU D. E. F. G. H Putri,02,2,ABIGAIL SHAKILA ATMARINI DELLA,HAPPY SWIMMING CLUB
48 - 50 M Gaya Dada KU D. E. F. G. H Putri,02,3,NADA HAURA NAZHIFA,SN BURUYNGOJAY
48 - 50 M Gaya Dada KU D. E. F. G. H Putri,02,4,NAZWA NURMAULIDA S,N112 SWIMMING CLUB
48 - 50 M Gaya Dada KU D. E. F. G. H Putri,02,5,NADHIFA PUTRI SELIA,N112 SWIMMING CLUB
48 - 50 M Gaya Dada KU D. E. F. G. H Putri,02,6,HANA LAMIA ADREENA,IN-HU SWIMMING CLUB
48 - 50 M Gaya Dada KU D. E. F. G. H Putri,03,1,GHEFANIA PRATAMI SURYAMAN,SN BURUYNGOJAY
48 - 50 M Gaya Dada KU D. E. F. G. H Putri,03,2,RATU INTAN GEMILANG,SWIMMING ACADEMY CENTER GARUT
48 - 50 M Gaya Dada KU D. E. F. G. H Putri,03,3,RISTI SYAUQIYATUL JANNAH,SDN NEGLASARI
48 - 50 M Gaya Dada KU D. E. F. G. H Putri,03,4,SHABIRA SALFA ARIFFIA,SWIMMING ACADEMY CENTER GARUT
48 - 50 M Gaya Dada KU D. E. F. G. H Putri,03,5,MEDYTA JIHAN NURIL AWALI,MASCOT SWIMMING CLUB
48 - 50 M Gaya Dada KU D. E. F. G. H Putri,03,6,NADILA PUTRI KUSTIANI,SN BURUYNGOJAY
48 - 50 M Gaya Dada KU D. E. F. G. H Putri,04,1,SHAFIYYAH AIRA PUTRI PERMANA,RIKO SWIMMING CLUB
48 - 50 M Gaya Dada KU D. E. F. G. H Putri,04,2,KANAYA ZAHRA LALITA,IN-HU SWIMMING CLUB
48 - 50 M Gaya Dada KU D. E. F. G. H Putri,04,3,ANDARA KHANZA SALSABILA KUSUMA,RIKO SWIMMING CLUB
48 - 50 M Gaya Dada KU D. E. F. G. H Putri,04,4,ERICA ZOEY WIJAYA,PASIFIC SWIMMING CLUB
48 - 50 M Gaya Dada KU D. E. F. G. H Putri,04,5,NADISYA MELLODY ALUNNA,RIKO SWIMMING CLUB
48 - 50 M Gaya Dada KU D. E. F. G. H Putri,04,6,RATIFA NURUL ILMI FAKHIRA,SDN NEGLASARI
49 - 50 M Gaya Bebas KU D. E. F. G. H Putra,01,1,KHANDRA ZAVAIR ALFAREZA,DA SWIMMING CLUB
49 - 50 M Gaya Bebas KU D. E. F. G. H Putra,01,2,GIBELON ALFARIZQY KURNIA,ANGKASA AQUATIC CLUB
49 - 50 M Gaya Bebas KU D. E. F. G. H Putra,01,3,AZFAR AMARULLAH,FAMILY SC
49 - 50 M Gaya Bebas KU D. E. F. G. H Putra,01,4,M.RAZIQ ALGHIFARI,FAMILY SC
49 - 50 M Gaya Bebas KU D. E. F. G. H Putra,01,5,ARKANDRA FAEYZA ALFAREZI,TIRTA ADIPURA SWIMMING SCHOOL
49 - 50 M Gaya Bebas KU D. E. F. G. H Putra,02,1,MUHAMMAD ALFINO ALCANTARA,FAMILY SC
49 - 50 M Gaya Bebas KU D. E. F. G. H Putra,02,2,MUHAMMAD KUDYA HYANG,N112 SWIMMING CLUB
49 - 50 M Gaya Bebas KU D. E. F. G. H Putra,02,3,BAGJA RAJIB PRATAMA,N112 SWIMMING CLUB
49 - 50 M Gaya Bebas KU D. E. F. G. H Putra,02,4,ALARIC EMYR ARYATYAGA,MASCOT SWIMMING CLUB
49 - 50 M Gaya Bebas KU D. E. F. G. H Putra,02,5,RAYNARD AUSTIN PRATAMA,PASIFIC SWIMMING CLUB
49 - 50 M Gaya Bebas KU D. E. F. G. H Putra,02,6,KHAIRU FALAH,FAMILY SC
49 - 50 M Gaya Bebas KU D. E. F. G. H Putra,03,1,GYANDRA MAHESWARA SATYA HINDARTO,SMP ALFA CENTAURI
49 - 50 M Gaya Bebas KU D. E. F. G. H Putra,03,2,MOCHAMMAD RIZQI ALLGHYFANI,TIRTA ADIPURA SWIMMING SCHOOL
49 - 50 M Gaya Bebas KU D. E. F. G. H Putra,03,3,ALDWYNE SETIAWAN,HAPPY SWIMMING CLUB
49 - 50 M Gaya Bebas KU D. E. F. G. H Putra,03,4,ABIAS NUR RAMADAN,HN SWIMMING COURSE
49 - 50 M Gaya Bebas KU D. E. F. G. H Putra,03,5,LUKE BROOKLYN PHOA,N112 SWIMMING CLUB
49 - 50 M Gaya Bebas KU D. E. F. G. H Putra,03,6,FATHAN NARENDRA PUTRA SUPRIYADI,SN BURUYNGOJAY
49 - 50 M Gaya Bebas KU D. E. F. G. H Putra,04,1,TAOPIK MUHAMAD RIDWAN,SN BURUYNGOJAY
49 - 50 M Gaya Bebas KU D. E. F. G. H Putra,04,2,HADI LESMANA,RIKO SWIMMING CLUB
49 - 50 M Gaya Bebas KU D. E. F. G. H Putra,04,3,RADEN GENTA MAULANA YUSUF,BLUE OCEAN AQUATIC CLUB
49 - 50 M Gaya Bebas KU D. E. F. G. H Putra,04,4,BAYU SAJATI,RIKO SWIMMING CLUB
49 - 50 M Gaya Bebas KU D. E. F. G. H Putra,04,5,RAKHA MUHAMMAD ZAAKIR ASHIDQI,SDN NEGLASARI
49 - 50 M Gaya Bebas KU D. E. F. G. H Putra,04,6,SULTHAN MIQDAM,TIRTA ADIPURA SWIMMING SCHOOL
50 - 50 M Gaya Bebas KU D. E. F. G. H Putri,01,1,ANINDITA KEISHA AZ-AZAHRA,FAMILY SC
50 - 50 M Gaya Bebas KU D. E. F. G. H Putri,01,2,NADHIFA PUTRI SELIA,N112 SWIMMING CLUB
50 - 50 M Gaya Bebas KU D. E. F. G. H Putri,01,3,AYUNINDYA LAKEISHA,RIKO SWIMMING CLUB
50 - 50 M Gaya Bebas KU D. E. F. G. H Putri,01,4,RAHHER AMIRA ZAHRANI,N112 SWIMMING CLUB
50 - 50 M Gaya Bebas KU D. E. F. G. H Putri,01,5,ARSYLA TAOPIKA AZNII,FAMILY SC
50 - 50 M Gaya Bebas KU D. E. F. G. H Putri,02,1,NAZWA NURMAULIDA S,N112 SWIMMING CLUB
50 - 50 M Gaya Bebas KU D. E. F. G. H Putri,02,2,KHATARINA CARISSA AURORA,N112 SWIMMING CLUB
50 - 50 M Gaya Bebas KU D. E. F. G. H Putri,02,3,RISTI SYAUQIYATUL JANNAH,SDN NEGLASARI
50 - 50 M Gaya Bebas KU D. E. F. G. H Putri,02,4,GHEFANIA PRATAMI SURYAMAN,SN BURUYNGOJAY
50 - 50 M Gaya Bebas KU D. E. F. G. H Putri,02,5,KATARINA CLAIRINE NAOMI WIGUNA,N112 SWIMMING CLUB
50 - 50 M Gaya Bebas KU D. E. F. G. H Putri,02,6,FAIRA MIKAYLA AZZAHRA,FAMILY SC
50 - 50 M Gaya Bebas KU D. E. F. G. H Putri,03,1,KATHERINE OLIVIA ASWIN,PASIFIC SWIMMING CLUB
50 - 50 M Gaya Bebas KU D. E. F. G. H Putri,03,2,ERICA ZOEY WIJAYA,PASIFIC SWIMMING CLUB
50 - 50 M Gaya Bebas KU D. E. F. G. H Putri,03,3,ANDARA KHANZA SALSABILA KUSUMA,RIKO SWIMMING CLUB
50 - 50 M Gaya Bebas KU D. E. F. G. H Putri,03,4,ADEEVA AGNIBRATA RAMADHANI,RIKO SWIMMING CLUB
50 - 50 M Gaya Bebas KU D. E. F. G. H Putri,03,5,NADISYA MELLODY ALUNNA,RIKO SWIMMING CLUB
50 - 50 M Gaya Bebas KU D. E. F. G. H Putri,03,6,RATIFA NURUL ILMI FAKHIRA,SDN NEGLASARI
51 - 50 M Gaya Kupu-Kupu KU D. E. F. G. H Putra,01,2,ARKANDRA FAEYZA ALFAREZI,TIRTA ADIPURA SWIMMING SCHOOL
51 - 50 M Gaya Kupu-Kupu KU D. E. F. G. H Putra,01,3,HADI LESMANA,RIKO SWIMMING CLUB
51 - 50 M Gaya Kupu-Kupu KU D. E. F. G. H Putra,02,1,GIOVANI PUTRA,IN-HU SWIMMING CLUB
51 - 50 M Gaya Kupu-Kupu KU D. E. F. G. H Putra,02,2,MUHAMMAD BILAL ATAYA FIRDAUS,IN-HU SWIMMING CLUB
51 - 50 M Gaya Kupu-Kupu KU D. E. F. G. H Putra,02,3,BAYU SAJATI,RIKO SWIMMING CLUB
51 - 50 M Gaya Kupu-Kupu KU D. E. F. G. H Putra,02,4,SULTHAN MIQDAM,TIRTA ADIPURA SWIMMING SCHOOL
51 - 50 M Gaya Kupu-Kupu KU D. E. F. G. H Putra,02,5,MOCHAMMAD RIZQI ALLGHYFANI,TIRTA ADIPURA SWIMMING SCHOOL
51 - 50 M Gaya Kupu-Kupu KU D. E. F. G. H Putra,02,6,GIBELON ALFARIZQY KURNIA,ANGKASA AQUATIC CLUB
52 - 50 M Gaya Kupu-Kupu KU D. E. F. G. H Putri,01,1,HANA LAMIA ADREENA,IN-HU SWIMMING CLUB
52 - 50 M Gaya Kupu-Kupu KU D. E. F. G. H Putri,01,2,FREYA ANINDITA AGHNA MUCHTAR,TIRTA ADIPURA SWIMMING SCHOOL
52 - 50 M Gaya Kupu-Kupu KU D. E. F. G. H Putri,01,3,ANDARA KHANZA SALSABILA KUSUMA,RIKO SWIMMING CLUB
52 - 50 M Gaya Kupu-Kupu KU D. E. F. G. H Putri,01,4,ADEEVA AGNIBRATA RAMADHANI,RIKO SWIMMING CLUB
52 - 50 M Gaya Kupu-Kupu KU D. E. F. G. H Putri,01,5,NADHIFA PUTRI SELIA,N112 SWIMMING CLUB
53 - 50 M Gaya Punggung KU D. E. F. G. H Putra,01,2,HADI LESMANA,RIKO SWIMMING CLUB
53 - 50 M Gaya Punggung KU D. E. F. G. H Putra,01,3,GIBELON ALFARIZQY KURNIA,ANGKASA AQUATIC CLUB
53 - 50 M Gaya Punggung KU D. E. F. G. H Putra,01,4,ARKANDRA FAEYZA ALFAREZI,TIRTA ADIPURA SWIMMING SCHOOL
53 - 50 M Gaya Punggung KU D. E. F. G. H Putra,02,1,FATHAN NARENDRA PUTRA SUPRIYADI,SN BURUYNGOJAY
53 - 50 M Gaya Punggung KU D. E. F. G. H Putra,02,2,MOCHAMMAD RIZQI ALLGHYFANI,TIRTA ADIPURA SWIMMING SCHOOL
53 - 50 M Gaya Punggung KU D. E. F. G. H Putra,02,3,RADEN GENTA MAULANA YUSUF,BLUE OCEAN AQUATIC CLUB
53 - 50 M Gaya Punggung KU D. E. F. G. H Putra,02,4,SULTHAN MIQDAM,TIRTA ADIPURA SWIMMING SCHOOL
53 - 50 M Gaya Punggung KU D. E. F. G. H Putra,02,5,LUKE BROOKLYN PHOA,N112 SWIMMING CLUB
53 - 50 M Gaya Punggung KU D. E. F. G. H Putra,02,6,MAGENTA SAKHA ALKHALIFI,HN SWIMMING COURSE
54 - 50 M Gaya Punggung KU D. E. F. G. H Putri,01,1,SHAQELLA GHANIA PUTRI PRASETYO,FAMILY SC
54 - 50 M Gaya Punggung KU D. E. F. G. H Putri,01,2,SHAFIYYAH AIRA PUTRI PERMANA,RIKO SWIMMING CLUB
54 - 50 M Gaya Punggung KU D. E. F. G. H Putri,01,3,ERICA ZOEY WIJAYA,PASIFIC SWIMMING CLUB
54 - 50 M Gaya Punggung KU D. E. F. G. H Putri,01,4,ADEEVA AGNIBRATA RAMADHANI,RIKO SWIMMING CLUB
54 - 50 M Gaya Punggung KU D. E. F. G. H Putri,01,5,NADHIFA PUTRI SELIA,N112 SWIMMING CLUB
